date,1. open,2. high,3. low,4. close,5. volume
2016-08-22 18:00:00,2.61,2.8,2.61,2.76,7900.0
2016-08-23 18:00:00,2.85,2.85,2.6,2.8,29900.0
2016-08-24 18:00:00,2.8,2.8,2.64,2.64,89500.0
2016-08-25 18:00:00,2.73,2.73,2.45,2.52,37400.0
2016-08-26 18:00:00,2.65,2.84,2.5,2.6,107000.0
2016-08-29 18:00:00,2.75,2.8,2.64,2.65,52100.0
2016-08-30 18:00:00,2.77,3.02,2.7,2.9,134300.0
2016-08-31 18:00:00,2.92,3.05,2.69,2.98,149300.0
2016-09-01 18:00:00,3.01,3.02,2.69,2.78,122900.0
2016-09-02 18:00:00,2.91,2.94,2.6,2.6,97200.0
2016-09-05 18:00:00,2.65,2.77,2.6,2.6,147600.0
2016-09-06 18:00:00,2.62,2.88,2.61,2.63,99400.0
2016-09-08 18:00:00,2.65,2.83,2.62,2.62,82900.0
2016-09-09 18:00:00,2.62,2.77,2.52,2.6,76200.0
2016-09-12 18:00:00,2.62,2.67,2.48,2.61,982900.0
2016-09-13 18:00:00,2.55,2.66,2.53,2.6,119900.0
2016-09-14 18:00:00,2.57,2.64,2.4,2.55,142900.0
2016-09-15 18:00:00,2.48,2.62,2.46,2.62,101400.0
2016-09-16 18:00:00,2.55,2.75,2.43,2.67,1370000.0
2016-09-19 18:00:00,2.63,2.84,2.63,2.8,513900.0
2016-09-20 18:00:00,2.75,2.97,2.7,2.97,2500000.0
2016-09-21 18:00:00,2.97,2.97,2.8,2.86,472600.0
2016-09-22 18:00:00,2.9,2.97,2.85,2.92,151600.0
2016-09-23 18:00:00,2.86,2.92,2.86,2.91,185800.0
2016-09-26 18:00:00,2.91,2.97,2.85,2.95,202300.0
2016-09-27 18:00:00,2.95,2.95,2.87,2.95,91000.0
2016-09-28 18:00:00,2.96,2.96,2.75,2.75,506600.0
2016-09-29 18:00:00,2.85,3.0,2.82,2.82,113500.0
2016-09-30 18:00:00,2.8,2.85,2.77,2.8,104600.0
2016-10-03 18:00:00,2.75,2.84,2.74,2.84,16400.0
2016-10-04 18:00:00,2.77,2.96,2.77,2.9,118200.0
2016-10-05 18:00:00,2.93,3.0,2.8,2.97,5625100.0
2016-10-06 18:00:00,2.97,3.05,2.9,2.97,3528900.0
2016-10-07 18:00:00,2.93,2.97,2.91,2.91,68200.0
2016-10-10 18:00:00,2.86,3.0,2.86,2.92,896500.0
2016-10-11 18:00:00,2.91,3.0,2.84,2.96,374500.0
2016-10-13 18:00:00,2.96,3.07,2.83,3.07,673800.0
2016-10-14 18:00:00,3.04,3.09,2.91,2.91,211400.0
2016-10-17 18:00:00,2.92,3.05,2.85,3.0,207400.0
2016-10-18 18:00:00,3.03,3.14,2.95,3.05,468500.0
2016-10-19 18:00:00,3.14,3.14,2.96,3.02,255000.0
2016-10-20 18:00:00,2.98,3.05,2.94,2.96,171700.0
2016-10-21 18:00:00,2.95,3.01,2.8,2.9,1397300.0
2016-10-24 18:00:00,2.94,2.95,2.84,2.95,69900.0
2016-10-25 18:00:00,2.94,3.01,2.83,3.01,181700.0
2016-10-26 18:00:00,2.99,3.06,2.92,3.06,73100.0
2016-10-27 18:00:00,3.05,3.19,2.95,2.95,97800.0
2016-10-28 18:00:00,3.0,3.0,2.89,2.98,69500.0
2016-10-31 18:00:00,2.92,3.08,2.92,3.02,317800.0
2016-11-01 18:00:00,3.03,3.1,2.95,3.0,658000.0
2016-11-03 18:00:00,3.02,3.2,2.98,3.12,167600.0
2016-11-04 18:00:00,3.14,3.23,3.13,3.14,4829400.0
2016-11-07 18:00:00,3.22,3.28,3.14,3.14,50100.0
2016-11-08 18:00:00,3.2,3.22,3.06,3.14,71100.0
2016-11-09 18:00:00,3.14,3.17,3.09,3.09,4513200.0
2016-11-10 18:00:00,3.1,3.15,2.88,2.93,239300.0
2016-11-11 18:00:00,2.93,2.97,2.74,2.85,230100.0
2016-11-14 18:00:00,2.75,2.99,2.75,2.99,187900.0
2016-11-16 18:00:00,2.87,3.06,2.77,2.9,6248200.0
2016-11-17 18:00:00,2.94,3.05,2.91,2.91,216600.0
2016-11-18 18:00:00,2.99,2.99,2.84,2.99,1069800.0
2016-11-21 18:00:00,3.04,3.13,3.0,3.0,17000.0
2016-11-22 18:00:00,2.96,3.06,2.93,2.99,252700.0
2016-11-23 18:00:00,2.99,3.04,2.78,2.84,457400.0
2016-11-24 18:00:00,2.81,2.97,2.8,2.93,1088600.0
2016-11-25 18:00:00,2.9,2.94,2.86,2.9,2320600.0
2016-11-28 18:00:00,2.87,2.95,2.87,2.92,155400.0
2016-11-29 18:00:00,2.88,2.9,2.84,2.88,306500.0
2016-11-30 18:00:00,2.88,2.89,2.71,2.71,890400.0
2016-12-01 18:00:00,2.71,2.76,2.58,2.7,154400.0
2016-12-02 18:00:00,2.65,2.76,2.64,2.64,214400.0
2016-12-05 18:00:00,2.64,2.64,2.52,2.57,175000.0
2016-12-06 18:00:00,2.55,2.62,2.5,2.5,189000.0
2016-12-07 18:00:00,2.59,2.6,2.51,2.55,644800.0
2016-12-08 18:00:00,2.54,2.55,2.42,2.45,136900.0
2016-12-09 18:00:00,2.42,2.51,2.42,2.46,65800.0
2016-12-12 18:00:00,2.43,2.49,2.31,2.35,64100.0
2016-12-13 18:00:00,2.32,2.51,2.32,2.51,61900.0
2016-12-14 18:00:00,2.51,2.51,2.3,2.3,119900.0
2016-12-15 18:00:00,2.32,2.35,2.23,2.28,245600.0
2016-12-16 18:00:00,2.26,2.39,2.25,2.27,788800.0
2016-12-19 18:00:00,2.27,2.37,2.24,2.28,3893200.0
2016-12-20 18:00:00,2.27,2.32,2.26,2.29,161600.0
2016-12-21 18:00:00,2.22,2.22,2.22,2.22,223800.0
2016-12-22 18:00:00,2.25,2.27,2.18,2.23,1101700.0
2016-12-23 18:00:00,2.28,2.39,2.24,2.3,59000.0
2016-12-26 18:00:00,2.29,2.41,2.29,2.38,37500.0
2016-12-27 18:00:00,2.36,2.44,2.34,2.35,34600.0
2016-12-28 18:00:00,2.31,2.47,2.31,2.4,44300.0
2016-12-29 18:00:00,2.4,2.44,2.34,2.4,191000.0
2017-01-02 18:00:00,2.35,2.4,2.31,2.35,52100.0
2017-01-03 18:00:00,2.35,2.39,2.25,2.28,133000.0
2017-01-04 18:00:00,2.26,2.28,2.2,2.21,150600.0
2017-01-05 18:00:00,2.21,2.24,2.2,2.23,365800.0
2017-01-06 18:00:00,2.22,2.31,2.18,2.28,311500.0
2017-01-09 18:00:00,2.29,2.37,2.26,2.32,760100.0
2017-01-10 18:00:00,2.35,2.45,2.3,2.39,108600.0
2017-01-11 18:00:00,2.4,2.43,2.31,2.36,2012100.0
2017-01-12 18:00:00,2.37,2.45,2.36,2.36,182100.0
2017-01-13 18:00:00,2.35,2.39,2.31,2.34,161600.0
2017-01-16 18:00:00,2.32,2.33,2.29,2.29,63000.0
2017-01-17 18:00:00,2.31,2.32,2.27,2.28,313500.0
2017-01-18 18:00:00,2.27,2.36,2.24,2.3,185100.0
2017-01-19 18:00:00,2.3,2.31,2.27,2.28,241100.0
2017-01-20 18:00:00,2.27,2.31,2.23,2.29,106900.0
2017-01-23 18:00:00,2.3,2.34,2.2,2.21,199400.0
2017-01-24 18:00:00,2.25,2.25,2.19,2.23,161000.0
2017-01-26 18:00:00,2.25,2.26,2.21,2.22,133300.0
2017-01-27 18:00:00,2.23,2.25,2.18,2.2,181000.0
2017-01-30 18:00:00,2.2,2.21,2.1,2.15,175500.0
2017-01-31 18:00:00,2.15,2.2,2.08,2.14,1888200.0
2017-02-01 18:00:00,2.1,2.2,2.1,2.2,1735900.0
2017-02-02 18:00:00,2.2,2.21,2.15,2.15,544300.0
2017-02-03 18:00:00,2.15,2.21,2.15,2.21,467500.0
2017-02-06 18:00:00,2.2,2.25,2.09,2.09,228600.0
2017-02-07 18:00:00,2.11,2.11,2.0,2.06,2927500.0
2017-02-08 18:00:00,2.03,2.07,2.0,2.06,645600.0
2017-02-09 18:00:00,2.05,2.08,2.01,2.04,106600.0
2017-02-10 18:00:00,2.03,2.14,2.01,2.08,188800.0
2017-02-13 18:00:00,2.1,2.14,1.96,2.01,1971800.0
2017-02-14 18:00:00,2.0,2.02,1.96,2.0,395100.0
2017-02-15 18:00:00,2.04,2.05,1.95,1.96,341100.0
2017-02-16 18:00:00,2.01,2.09,1.99,2.06,4886300.0
2017-02-17 18:00:00,2.07,2.33,2.02,2.3,1505600.0
2017-02-20 18:00:00,2.35,2.68,2.35,2.55,1655900.0
2017-02-21 18:00:00,2.64,2.64,2.33,2.62,2406800.0
2017-02-22 18:00:00,2.6,2.69,2.49,2.66,871600.0
2017-02-23 18:00:00,2.69,2.71,2.56,2.62,410600.0
2017-02-24 18:00:00,2.56,2.56,2.41,2.55,1906100.0
2017-03-01 18:00:00,2.55,2.61,2.47,2.55,382300.0
2017-03-02 18:00:00,2.54,2.55,2.43,2.47,274200.0
2017-03-03 18:00:00,2.53,2.6,2.44,2.6,461000.0
2017-03-06 18:00:00,2.63,2.68,2.5,2.66,459500.0
2017-03-07 18:00:00,2.67,2.74,2.6,2.61,468000.0
2017-03-08 18:00:00,2.61,2.68,2.53,2.53,1940500.0
2017-03-09 18:00:00,2.58,2.6,2.35,2.41,1271900.0
2017-03-10 18:00:00,2.42,2.42,2.23,2.24,1089600.0
2017-03-13 18:00:00,2.28,2.31,2.11,2.19,1124400.0
2017-03-14 18:00:00,2.2,2.26,2.14,2.18,1312000.0
2017-03-15 18:00:00,2.23,2.24,2.03,2.1,993200.0
2017-03-16 18:00:00,2.12,2.15,2.05,2.15,476400.0
2017-03-17 18:00:00,2.12,2.26,2.09,2.23,681700.0
2017-03-20 18:00:00,2.17,2.24,2.11,2.15,259400.0
2017-03-21 18:00:00,2.16,2.18,2.1,2.15,412700.0
2017-03-22 18:00:00,2.16,2.19,2.11,2.15,156600.0
2017-03-23 18:00:00,2.11,2.27,2.1,2.19,443200.0
2017-03-24 18:00:00,2.22,2.24,2.15,2.15,339800.0
2017-03-27 18:00:00,2.14,2.2,2.09,2.1,246700.0
2017-03-28 18:00:00,2.1,2.14,2.1,2.1,257400.0
2017-03-29 18:00:00,2.1,2.23,2.08,2.15,357600.0
2017-03-30 18:00:00,2.15,2.23,2.12,2.18,218900.0
2017-03-31 18:00:00,2.17,2.32,2.17,2.28,651900.0
2017-04-03 18:00:00,2.3,2.31,2.21,2.21,250500.0
2017-04-04 18:00:00,2.23,2.27,2.12,2.18,194200.0
2017-04-05 18:00:00,2.21,2.21,2.12,2.16,742000.0
2017-04-06 18:00:00,2.18,2.29,2.15,2.25,574200.0
2017-04-07 18:00:00,2.26,2.3,2.21,2.23,522100.0
2017-04-10 18:00:00,2.26,2.36,2.22,2.33,1057700.0
2017-04-11 18:00:00,2.33,2.38,2.22,2.23,723500.0
2017-04-12 18:00:00,2.2,2.24,2.18,2.2,184900.0
2017-04-13 18:00:00,2.2,2.24,2.17,2.23,383300.0
2017-04-17 18:00:00,2.23,2.27,2.21,2.21,278800.0
2017-04-18 18:00:00,2.24,2.24,2.12,2.18,294200.0
2017-04-19 18:00:00,2.19,2.22,2.1,2.13,570600.0
2017-04-20 18:00:00,2.15,2.19,2.12,2.19,193300.0
2017-04-24 18:00:00,2.2,2.24,2.11,2.11,492300.0
2017-04-25 18:00:00,2.13,2.17,2.11,2.15,177800.0
2017-04-26 18:00:00,2.16,2.18,2.12,2.16,205900.0
2017-04-27 18:00:00,2.19,2.25,2.15,2.24,217400.0
2017-04-28 18:00:00,2.25,2.35,2.22,2.35,732900.0
2017-05-02 18:00:00,2.35,2.43,2.32,2.33,439300.0
2017-05-03 18:00:00,2.32,2.52,2.3,2.41,644900.0
2017-05-04 18:00:00,2.4,2.51,2.21,2.22,772000.0
2017-05-05 18:00:00,2.24,2.32,2.2,2.22,376900.0
2017-05-08 18:00:00,2.24,2.34,2.24,2.32,593900.0
2017-05-09 18:00:00,2.33,2.42,2.32,2.34,437200.0
2017-05-10 18:00:00,2.35,2.4,2.26,2.26,415400.0
2017-05-11 18:00:00,2.34,2.51,2.32,2.39,1328800.0
2017-05-12 18:00:00,2.45,2.47,2.27,2.28,718100.0
2017-05-15 18:00:00,2.3,2.31,2.24,2.28,514900.0
2017-05-16 18:00:00,2.27,2.3,2.24,2.28,556400.0
2017-05-17 18:00:00,2.28,2.28,2.2,2.24,1186700.0
2017-05-18 18:00:00,2.09,2.09,1.94,1.94,590600.0
2017-05-19 18:00:00,2.03,2.04,1.94,1.99,599200.0
2017-05-22 18:00:00,1.99,1.99,1.82,1.85,610200.0
2017-05-23 18:00:00,1.86,1.9,1.81,1.86,652700.0
2017-05-24 18:00:00,1.89,2.0,1.84,1.97,5988400.0
2017-05-25 18:00:00,1.99,2.05,1.86,1.89,1593400.0
2017-05-26 18:00:00,1.89,1.98,1.88,1.95,685700.0
2017-05-29 18:00:00,1.95,1.95,1.95,1.95,0.0
2017-05-30 18:00:00,1.97,1.97,1.9,1.95,444000.0
2017-05-31 18:00:00,1.94,1.97,1.9,1.95,893400.0
2017-06-01 18:00:00,1.95,1.99,1.93,1.97,861800.0
2017-06-02 18:00:00,1.98,2.01,1.92,1.99,396900.0
2017-06-05 18:00:00,2.0,2.0,1.95,1.96,258700.0
2017-06-06 18:00:00,1.96,2.0,1.95,1.98,451000.0
2017-06-07 18:00:00,1.98,2.04,1.96,2.0,229900.0
2017-06-08 18:00:00,2.0,2.02,1.94,2.0,575500.0
2017-06-09 18:00:00,2.02,2.02,1.97,2.0,247900.0
2017-06-12 18:00:00,2.01,2.01,1.94,1.98,636500.0
2017-06-13 18:00:00,1.98,1.98,1.96,1.98,155000.0
2017-06-14 18:00:00,1.98,1.98,1.94,1.97,220100.0
2017-06-15 18:00:00,1.97,1.97,1.97,1.97,0.0
2017-06-16 18:00:00,1.97,1.97,1.89,1.92,364100.0
2017-06-19 18:00:00,1.95,1.97,1.91,1.92,198900.0
2017-06-20 18:00:00,1.95,1.95,1.89,1.92,335800.0
2017-06-21 18:00:00,1.94,1.95,1.89,1.9,209400.0
2017-06-22 18:00:00,1.92,1.92,1.89,1.89,169200.0
2017-06-23 18:00:00,1.92,1.92,1.87,1.88,5526400.0
2017-06-26 18:00:00,1.88,1.91,1.88,1.91,296000.0
2017-06-27 18:00:00,1.91,1.94,1.9,1.92,234500.0
2017-06-28 18:00:00,1.93,1.93,1.9,1.9,1536700.0
2017-06-29 18:00:00,1.93,1.96,1.89,1.96,1420400.0
2017-06-30 18:00:00,1.96,2.11,1.96,2.04,1112900.0
2017-07-03 18:00:00,2.04,2.04,1.97,1.99,3769800.0
2017-07-04 18:00:00,1.98,2.07,1.98,1.99,4839300.0
2017-07-05 18:00:00,1.99,2.02,1.98,2.02,659800.0
2017-07-06 18:00:00,2.0,2.03,2.0,2.01,314500.0
2017-07-07 18:00:00,2.01,2.02,1.99,2.02,3348200.0
2017-07-10 18:00:00,2.01,2.06,2.0,2.01,673100.0
2017-07-11 18:00:00,2.03,2.05,2.02,2.05,409800.0
2017-07-12 18:00:00,2.06,2.12,2.05,2.09,1726900.0
2017-07-13 18:00:00,2.13,2.16,2.11,2.12,737400.0
2017-07-14 18:00:00,2.15,2.15,2.1,2.11,2127600.0
2017-07-17 18:00:00,2.14,2.17,2.12,2.15,646900.0
2017-07-18 18:00:00,2.15,2.26,2.12,2.18,917400.0
2017-07-19 18:00:00,2.21,2.25,2.13,2.17,532800.0
2017-07-20 18:00:00,2.17,2.23,2.14,2.14,1034900.0
2017-07-21 18:00:00,2.17,2.18,2.12,2.12,182600.0
2017-07-24 18:00:00,2.14,2.18,2.07,2.13,1361300.0
2017-07-25 18:00:00,2.14,2.14,2.07,2.1,248600.0
2017-07-26 18:00:00,2.1,2.1,2.05,2.06,328700.0
2017-07-27 18:00:00,2.08,2.09,2.05,2.09,131400.0
2017-07-28 18:00:00,2.1,2.12,2.08,2.11,284500.0
2017-07-31 18:00:00,2.13,2.13,2.1,2.12,1469800.0
2017-08-01 18:00:00,2.13,2.13,2.08,2.09,366600.0
2017-08-02 18:00:00,2.08,2.13,2.06,2.1,1039400.0
2017-08-03 18:00:00,2.12,2.15,2.05,2.05,973200.0
2017-08-04 18:00:00,2.07,2.08,2.03,2.05,653100.0
2017-08-07 18:00:00,2.05,2.07,2.03,2.07,1952000.0
2017-08-08 18:00:00,2.05,2.08,2.04,2.05,1531700.0
2017-08-09 18:00:00,2.05,2.05,1.98,1.98,2062600.0
2017-08-10 18:00:00,1.99,2.03,1.98,1.99,2076000.0
2017-08-11 18:00:00,1.99,2.04,1.99,2.04,1383100.0
2017-08-14 18:00:00,2.04,2.11,2.01,2.07,1528900.0
2017-08-15 18:00:00,2.07,2.16,2.02,2.07,3556100.0
2017-08-16 18:00:00,2.07,2.15,2.07,2.1,851500.0
2017-08-17 18:00:00,2.12,2.19,2.1,2.12,645500.0
2017-08-18 18:00:00,2.13,2.18,2.12,2.17,1114000.0
2017-08-21 18:00:00,2.17,2.4,2.14,2.4,3203600.0
2017-08-22 18:00:00,2.44,2.45,2.32,2.4,6167400.0
2017-08-23 18:00:00,2.4,2.42,2.34,2.41,2533400.0
2017-08-24 18:00:00,2.39,2.42,2.33,2.42,1125400.0
2017-08-25 18:00:00,2.4,2.62,2.36,2.55,8080200.0
2017-08-28 18:00:00,2.61,2.69,2.46,2.48,6158000.0
2017-08-29 18:00:00,2.49,2.65,2.44,2.6,802400.0
2017-08-30 18:00:00,2.7,2.89,2.67,2.89,4754900.0
2017-08-31 18:00:00,2.92,2.94,2.78,2.9,5284000.0
2017-09-01 18:00:00,2.83,2.97,2.76,2.94,1357400.0
2017-09-04 18:00:00,2.95,3.1,2.93,3.08,3818000.0
2017-09-05 18:00:00,3.12,3.18,3.07,3.15,1535400.0
2017-09-06 18:00:00,3.16,3.43,3.16,3.4,3671400.0
2017-09-07 18:00:00,3.4,3.4,3.4,3.4,0.0
2017-09-08 18:00:00,3.43,3.55,3.41,3.53,4313400.0
2017-09-11 18:00:00,3.58,3.6,3.26,3.4,2088800.0
2017-09-12 18:00:00,3.4,3.42,3.33,3.4,941600.0
2017-09-13 18:00:00,3.39,3.39,3.28,3.32,674900.0
2017-09-14 18:00:00,3.3,3.37,3.27,3.37,475000.0
2017-09-15 18:00:00,3.38,3.38,3.26,3.3,1157700.0
2017-09-18 18:00:00,3.32,3.32,3.19,3.32,996900.0
2017-09-19 18:00:00,3.33,3.45,3.31,3.41,1020200.0
2017-09-20 18:00:00,3.42,3.48,3.35,3.46,381200.0
2017-09-21 18:00:00,3.37,3.39,3.18,3.34,2742400.0
2017-09-22 18:00:00,3.32,3.36,3.23,3.36,1266700.0
2017-09-25 18:00:00,3.35,3.37,3.21,3.29,3423800.0
2017-09-26 18:00:00,3.4,3.69,3.4,3.58,3061400.0
2017-09-27 18:00:00,3.62,3.64,3.42,3.5,903000.0
2017-09-28 18:00:00,3.48,3.5,3.43,3.5,587900.0
2017-09-29 18:00:00,3.5,3.56,3.45,3.49,513700.0
2017-10-02 18:00:00,3.49,3.55,3.45,3.46,795000.0
2017-10-03 18:00:00,3.46,3.6,3.4,3.55,982000.0
2017-10-04 18:00:00,3.56,3.57,3.49,3.5,683500.0
2017-10-05 18:00:00,3.5,3.57,3.49,3.52,1419200.0
2017-10-06 18:00:00,3.48,3.51,3.44,3.51,449900.0
2017-10-09 18:00:00,3.51,3.54,3.49,3.5,445400.0
2017-10-10 18:00:00,3.54,3.69,3.5,3.69,1212100.0
2017-10-11 18:00:00,3.7,3.75,3.57,3.6,4278400.0
2017-10-12 18:00:00,3.6,3.6,3.6,3.6,0.0
2017-10-13 18:00:00,3.65,3.65,3.53,3.53,1327900.0
2017-10-16 18:00:00,3.56,3.56,3.47,3.5,1412700.0
2017-10-17 18:00:00,3.51,3.52,3.36,3.42,549900.0
2017-10-18 18:00:00,3.46,3.46,3.4,3.44,266800.0
2017-10-19 18:00:00,3.42,3.49,3.35,3.45,348100.0
2017-10-20 18:00:00,3.48,3.5,3.41,3.45,298100.0
2017-10-23 18:00:00,3.49,3.49,3.33,3.36,390800.0
2017-10-24 18:00:00,3.4,3.5,3.34,3.47,676700.0
2017-10-25 18:00:00,3.47,3.58,3.46,3.5,6532200.0
2017-10-26 18:00:00,3.47,3.56,3.42,3.49,1072700.0
2017-10-27 18:00:00,3.5,3.56,3.48,3.53,532300.0
2017-10-30 18:00:00,3.46,3.5,3.38,3.42,781300.0
2017-10-31 18:00:00,3.43,3.55,3.42,3.5,985600.0
2017-11-01 18:00:00,3.56,3.58,3.35,3.38,610300.0
2017-11-02 18:00:00,3.38,3.38,3.38,3.38,0.0
2017-11-03 18:00:00,3.38,3.41,3.2,3.31,720100.0
2017-11-06 18:00:00,3.39,3.41,3.13,3.22,429900.0
2017-11-07 18:00:00,3.21,3.21,2.95,3.15,2059900.0
2017-11-08 18:00:00,3.15,3.15,2.96,3.12,1199800.0
2017-11-09 18:00:00,3.11,3.11,2.94,2.95,979900.0
2017-11-10 18:00:00,2.92,2.95,2.86,2.89,466900.0
2017-11-13 18:00:00,2.87,2.98,2.81,2.98,1025600.0
2017-11-14 18:00:00,3.03,3.03,2.83,2.97,725400.0
2017-11-15 18:00:00,2.97,2.97,2.97,2.97,0.0
2017-11-16 18:00:00,2.97,3.09,2.9,3.01,536700.0
2017-11-17 18:00:00,3.09,3.45,3.01,3.45,2247200.0
2017-11-20 18:00:00,3.45,3.45,3.45,3.45,0.0
2017-11-21 18:00:00,3.43,3.47,3.29,3.36,1594000.0
2017-11-22 18:00:00,3.37,3.43,3.3,3.4,3671300.0
2017-11-23 18:00:00,3.36,3.49,3.36,3.45,504700.0
2017-11-24 18:00:00,3.41,3.48,3.41,3.48,206700.0
2017-11-27 18:00:00,3.48,3.48,3.36,3.38,420100.0
2017-11-28 18:00:00,3.43,3.44,3.33,3.37,288300.0
2017-11-29 18:00:00,3.4,3.42,3.28,3.29,281300.0
2017-11-30 18:00:00,3.26,3.35,3.17,3.35,336800.0
2017-12-01 18:00:00,3.34,3.34,3.22,3.27,608500.0
2017-12-04 18:00:00,3.31,3.33,3.27,3.27,369200.0
2017-12-05 18:00:00,3.3,3.4,3.3,3.34,797400.0
2017-12-06 18:00:00,3.34,3.34,3.26,3.32,204800.0
2017-12-07 18:00:00,3.27,3.34,3.25,3.33,408800.0
2017-12-08 18:00:00,3.32,3.34,3.12,3.2,1041700.0
2017-12-11 18:00:00,3.2,3.22,3.07,3.07,570500.0
2017-12-12 18:00:00,3.06,3.1,2.93,3.04,522800.0
2017-12-13 18:00:00,3.06,3.21,3.01,3.05,838900.0
2017-12-14 18:00:00,3.09,3.11,2.96,3.07,756900.0
2017-12-15 18:00:00,3.09,3.1,3.03,3.07,201100.0
2017-12-18 18:00:00,3.1,3.13,3.0,3.0,314100.0
2017-12-19 18:00:00,3.0,3.02,2.96,2.99,477800.0
2017-12-20 18:00:00,3.06,3.17,3.03,3.1,846500.0
2017-12-21 18:00:00,3.11,3.14,3.04,3.14,508600.0
2017-12-22 18:00:00,3.11,3.23,3.11,3.18,435900.0
2017-12-25 18:00:00,3.18,3.18,3.18,3.18,0.0
2017-12-26 18:00:00,3.18,3.25,3.1,3.19,337800.0
2017-12-27 18:00:00,3.18,3.32,3.05,3.05,1978000.0
2017-12-28 18:00:00,3.11,3.39,3.07,3.39,4663100.0
2017-12-29 18:00:00,3.39,3.39,3.39,3.39,0.0
2018-01-02 18:00:00,3.33,3.57,3.33,3.42,2352900.0
2018-01-03 18:00:00,3.41,3.5,3.36,3.42,2210100.0
2018-01-04 18:00:00,3.45,3.47,3.29,3.37,682100.0
2018-01-05 18:00:00,3.31,3.49,3.27,3.49,727500.0
2018-01-08 18:00:00,3.48,3.48,3.33,3.37,1011700.0
2018-01-09 18:00:00,3.36,3.36,3.16,3.2,1076200.0
2018-01-10 18:00:00,3.17,3.31,3.13,3.24,788800.0
2018-01-11 18:00:00,3.3,3.3,3.19,3.26,604200.0
2018-01-12 18:00:00,3.22,3.24,3.14,3.19,385400.0
2018-01-15 18:00:00,3.19,3.19,3.0,3.17,1656100.0
2018-01-16 18:00:00,3.13,3.17,3.1,3.11,509600.0
2018-01-17 18:00:00,3.11,3.2,3.05,3.19,459700.0
2018-01-18 18:00:00,3.2,3.2,3.09,3.16,1677400.0
2018-01-19 18:00:00,3.16,3.24,3.15,3.24,1770000.0
2018-01-22 18:00:00,3.21,3.23,3.14,3.22,1091000.0
2018-01-23 18:00:00,3.22,3.22,3.13,3.16,399600.0
2018-01-24 18:00:00,3.17,3.27,3.12,3.25,1321200.0
2018-01-25 18:00:00,3.25,3.25,3.25,3.25,0.0
2018-01-26 18:00:00,3.25,3.38,3.25,3.37,1792000.0
2018-01-29 18:00:00,3.38,3.39,3.32,3.35,1492000.0
2018-01-30 18:00:00,3.35,3.39,3.3,3.34,2833400.0
2018-01-31 18:00:00,3.35,3.59,3.35,3.52,2198400.0
2018-02-01 18:00:00,3.59,3.61,3.52,3.58,2241900.0
2018-02-02 18:00:00,3.54,3.7,3.53,3.7,3492400.0
2018-02-05 18:00:00,3.69,3.71,3.55,3.58,730200.0
2018-02-06 18:00:00,3.58,3.7,3.44,3.67,2711800.0
2018-02-07 18:00:00,3.73,3.92,3.56,3.67,2512500.0
2018-02-08 18:00:00,3.67,3.75,3.53,3.53,1412100.0
2018-02-09 18:00:00,3.55,3.56,3.36,3.56,1518600.0
2018-02-15 18:00:00,3.61,3.75,3.56,3.56,994200.0
2018-02-16 18:00:00,3.58,3.78,3.57,3.78,1175500.0
2018-02-19 18:00:00,3.78,3.87,3.65,3.87,743900.0
2018-02-20 18:00:00,3.89,3.89,3.76,3.78,594300.0
2018-02-21 18:00:00,3.78,3.85,3.68,3.75,788200.0
2018-02-22 18:00:00,3.76,3.83,3.75,3.81,386200.0
2018-02-23 18:00:00,3.84,3.87,3.71,3.87,411500.0
2018-02-26 18:00:00,3.97,3.99,3.88,3.89,708500.0
2018-02-27 18:00:00,3.88,3.9,3.8,3.84,1967800.0
2018-02-28 18:00:00,3.84,3.84,3.66,3.75,1955100.0
2018-03-01 18:00:00,3.76,3.78,3.62,3.78,1005500.0
2018-03-02 18:00:00,3.77,3.85,3.65,3.85,592600.0
2018-03-05 18:00:00,3.9,3.94,3.8,3.89,2023100.0
2018-03-06 18:00:00,3.93,3.99,3.8,3.8,1583800.0
2018-03-07 18:00:00,3.84,3.85,3.73,3.78,936800.0
2018-03-08 18:00:00,3.77,3.83,3.72,3.72,665400.0
2018-03-09 18:00:00,3.75,3.75,3.63,3.73,1803400.0
2018-03-12 18:00:00,3.76,3.92,3.75,3.88,1948600.0
2018-03-13 18:00:00,3.91,3.95,3.79,3.79,1804700.0
2018-03-14 18:00:00,3.86,3.87,3.64,3.65,2288900.0
2018-03-15 18:00:00,3.64,3.7,3.62,3.65,1208900.0
2018-03-16 18:00:00,3.65,3.69,3.61,3.61,1185400.0
2018-03-19 18:00:00,3.62,3.65,3.51,3.64,648600.0
2018-03-20 18:00:00,3.64,3.68,3.53,3.53,2127800.0
2018-03-21 18:00:00,3.54,3.62,3.51,3.53,1555900.0
2018-03-22 18:00:00,3.54,3.56,3.49,3.55,725600.0
2018-03-23 18:00:00,3.55,3.62,3.51,3.59,1113200.0
2018-03-26 18:00:00,3.63,3.7,3.53,3.7,1309800.0
2018-03-27 18:00:00,3.68,3.68,3.55,3.55,460900.0
2018-03-28 18:00:00,3.56,3.56,3.42,3.55,1116200.0
2018-03-29 18:00:00,3.53,3.54,3.4,3.53,2217600.0
2018-04-02 18:00:00,3.48,3.54,3.43,3.53,3053600.0
2018-04-03 18:00:00,3.54,3.59,3.46,3.46,1295900.0
2018-04-04 18:00:00,3.37,3.46,3.31,3.36,1062500.0
2018-04-05 18:00:00,3.47,3.53,3.38,3.4,1289700.0
2018-04-06 18:00:00,3.42,3.48,3.38,3.43,1828700.0
2018-04-09 18:00:00,3.45,3.49,3.37,3.4,1211300.0
2018-04-10 18:00:00,3.41,3.51,3.38,3.51,1041300.0
2018-04-11 18:00:00,3.51,3.57,3.41,3.44,1813200.0
2018-04-12 18:00:00,3.46,3.48,3.39,3.43,1207500.0
2018-04-13 18:00:00,3.44,3.44,3.31,3.35,665000.0
2018-04-16 18:00:00,3.37,3.38,3.26,3.26,705500.0
2018-04-17 18:00:00,3.26,3.3,3.24,3.24,1169100.0
2018-04-18 18:00:00,3.24,3.3,3.19,3.22,1164000.0
2018-04-19 18:00:00,3.24,3.24,3.15,3.19,1415900.0
2018-04-20 18:00:00,3.17,3.21,3.14,3.18,1160100.0
2018-04-23 18:00:00,3.22,3.45,3.22,3.39,3128400.0
2018-04-24 18:00:00,3.42,3.42,3.25,3.25,744100.0
2018-04-25 18:00:00,3.24,3.33,3.2,3.29,1398500.0
2018-04-26 18:00:00,3.27,3.35,3.27,3.29,1328100.0
2018-04-27 18:00:00,3.36,3.36,3.24,3.3,1704000.0
2018-04-30 18:00:00,3.47,3.48,3.3,3.31,3275700.0
2018-05-02 18:00:00,3.32,3.35,3.25,3.3,972300.0
2018-05-03 18:00:00,3.27,3.32,3.12,3.23,1551000.0
2018-05-04 18:00:00,3.23,3.25,3.14,3.15,1396100.0
2018-05-07 18:00:00,3.15,3.26,3.15,3.22,3505700.0
2018-05-08 18:00:00,3.21,3.3,3.18,3.3,869900.0
2018-05-09 18:00:00,3.33,3.34,3.03,3.2,3774000.0
2018-05-10 18:00:00,3.21,3.3,3.14,3.3,1685800.0
2018-05-11 18:00:00,3.26,3.29,3.22,3.29,997900.0
2018-05-14 18:00:00,3.29,3.29,3.12,3.12,1382500.0
2018-05-15 18:00:00,3.12,3.14,3.02,3.09,1851200.0
2018-05-16 18:00:00,3.07,3.14,2.94,2.98,1629900.0
2018-05-17 18:00:00,2.97,3.01,2.72,2.74,1615700.0
2018-05-18 18:00:00,2.65,2.69,2.53,2.64,5003700.0
2018-05-21 18:00:00,2.69,2.7,2.59,2.68,2562900.0
2018-05-22 18:00:00,2.69,2.84,2.67,2.81,1553800.0
2018-05-23 18:00:00,2.75,2.79,2.7,2.74,658200.0
2018-05-24 18:00:00,2.73,2.75,2.56,2.74,2289300.0
2018-05-25 18:00:00,2.76,2.76,2.53,2.59,1158100.0
2018-05-28 18:00:00,2.52,2.59,2.47,2.55,1082800.0
2018-05-29 18:00:00,2.6,2.7,2.56,2.61,2671900.0
2018-05-30 18:00:00,2.61,2.75,2.6,2.75,2008100.0
2018-06-01 18:00:00,2.75,2.89,2.75,2.86,1050800.0
2018-06-04 18:00:00,2.86,2.98,2.84,2.85,1190200.0
2018-06-05 18:00:00,2.86,2.89,2.77,2.84,1951700.0
2018-06-06 18:00:00,2.82,2.84,2.73,2.74,7033100.0
2018-06-07 18:00:00,2.75,2.75,2.57,2.6,6416100.0
2018-06-08 18:00:00,2.62,2.68,2.55,2.6,1872400.0
2018-06-11 18:00:00,2.7,2.7,2.6,2.62,361400.0
2018-06-12 18:00:00,2.59,2.68,2.56,2.57,503900.0
2018-06-13 18:00:00,2.58,2.59,2.48,2.48,1011500.0
2018-06-14 18:00:00,2.5,2.65,2.45,2.49,990700.0
2018-06-15 18:00:00,2.49,2.54,2.4,2.4,1681200.0
2018-06-18 18:00:00,2.41,2.45,2.38,2.38,534100.0
2018-06-19 18:00:00,2.37,2.47,2.32,2.42,2071300.0
2018-06-20 18:00:00,2.5,2.56,2.44,2.5,797800.0
2018-06-21 18:00:00,2.55,2.56,2.47,2.54,683900.0
2018-06-22 18:00:00,2.51,2.56,2.47,2.5,728500.0
2018-06-25 18:00:00,2.5,2.51,2.44,2.5,919600.0
2018-06-26 18:00:00,2.5,2.53,2.42,2.45,1358500.0
2018-06-27 18:00:00,2.45,2.49,2.41,2.41,470800.0
2018-06-28 18:00:00,2.42,2.67,2.38,2.67,2312500.0
2018-06-29 18:00:00,2.62,2.79,2.46,2.79,5299800.0
2018-07-02 18:00:00,2.69,2.79,2.62,2.74,4791700.0
2018-07-03 18:00:00,2.78,2.82,2.66,2.72,2128300.0
2018-07-04 18:00:00,2.75,2.79,2.69,2.78,3229700.0
2018-07-05 18:00:00,2.8,2.87,2.67,2.73,1349300.0
2018-07-06 18:00:00,2.76,2.77,2.71,2.76,299400.0
2018-07-10 18:00:00,2.78,2.81,2.62,2.7,2312700.0
2018-07-11 18:00:00,2.71,2.75,2.65,2.65,795400.0
2018-07-12 18:00:00,2.69,2.78,2.64,2.78,793000.0
2018-07-13 18:00:00,2.8,2.89,2.73,2.89,835800.0
2018-07-16 18:00:00,2.95,2.95,2.75,2.81,1198500.0
2018-07-17 18:00:00,2.82,2.87,2.76,2.87,1398600.0
2018-07-18 18:00:00,2.88,2.92,2.81,2.85,427800.0
2018-07-19 18:00:00,2.81,2.83,2.69,2.79,1232400.0
2018-07-20 18:00:00,2.87,2.88,2.8,2.84,530200.0
2018-07-23 18:00:00,2.83,2.83,2.72,2.73,607000.0
2018-07-24 18:00:00,2.77,2.83,2.72,2.83,406600.0
2018-07-25 18:00:00,2.85,2.87,2.7,2.7,1326400.0
2018-07-26 18:00:00,2.73,2.74,2.63,2.72,1226900.0
2018-07-27 18:00:00,2.73,2.75,2.63,2.63,1347400.0
2018-07-30 18:00:00,2.66,2.67,2.57,2.64,782700.0
2018-07-31 18:00:00,2.6,2.7,2.6,2.7,677000.0
2018-08-01 18:00:00,2.69,2.77,2.67,2.77,1426400.0
2018-08-02 18:00:00,2.76,2.78,2.71,2.73,1755200.0
2018-08-03 18:00:00,2.72,2.79,2.72,2.76,750300.0
2018-08-06 18:00:00,2.79,2.82,2.78,2.78,421600.0
2018-08-07 18:00:00,2.81,2.81,2.76,2.76,352900.0
2018-08-08 18:00:00,2.76,2.85,2.72,2.85,2213600.0
2018-08-09 18:00:00,2.87,2.87,2.8,2.84,706200.0
2018-08-10 18:00:00,2.84,2.84,2.66,2.72,1312700.0
2018-08-13 18:00:00,2.7,2.8,2.68,2.8,1667400.0
2018-08-14 18:00:00,2.81,2.84,2.79,2.8,328000.0
2018-08-15 18:00:00,2.8,2.82,2.73,2.77,447700.0
2018-08-16 18:00:00,2.81,2.81,2.69,2.77,959400.0
2018-08-17 18:00:00,2.76,2.78,2.7,2.78,556400.0
2018-08-20 18:00:00,2.79,2.83,2.75,2.81,802000.0
2018-08-21 18:00:00,2.8,2.82,2.53,2.65,1610100.0
2018-08-22 18:00:00,2.7,2.74,2.61,2.74,508000.0
2018-08-23 18:00:00,2.71,2.8,2.7,2.8,988200.0
2018-08-24 18:00:00,2.8,2.85,2.76,2.85,812400.0
2018-08-27 18:00:00,2.83,2.86,2.76,2.79,1221400.0
2018-08-28 18:00:00,2.83,2.85,2.77,2.85,518600.0
2018-08-29 18:00:00,2.82,2.9,2.82,2.87,544600.0
2018-08-30 18:00:00,2.85,2.86,2.77,2.8,568100.0
2018-08-31 18:00:00,2.82,2.84,2.78,2.8,1178200.0
2018-09-03 18:00:00,2.79,2.8,2.73,2.75,990400.0
2018-09-04 18:00:00,2.8,2.8,2.68,2.75,967500.0
2018-09-05 18:00:00,2.75,2.79,2.71,2.72,939800.0
2018-09-06 18:00:00,2.72,2.77,2.7,2.7,860600.0
2018-09-10 18:00:00,2.74,2.77,2.69,2.73,903800.0
2018-09-11 18:00:00,2.73,2.75,2.69,2.74,1699000.0
2018-09-12 18:00:00,2.75,2.75,2.7,2.71,6540300.0
2018-09-13 18:00:00,2.74,2.75,2.68,2.73,1531400.0
2018-09-14 18:00:00,2.74,2.75,2.7,2.75,1029100.0
2018-09-17 18:00:00,2.74,2.76,2.73,2.73,624700.0
2018-09-18 18:00:00,2.75,2.75,2.71,2.72,575200.0
2018-09-19 18:00:00,2.72,2.74,2.7,2.74,460100.0
2018-09-20 18:00:00,2.74,2.74,2.68,2.7,1152900.0
2018-09-21 18:00:00,2.72,2.75,2.7,2.72,1152600.0
2018-09-24 18:00:00,2.73,2.76,2.68,2.71,473000.0
2018-09-25 18:00:00,2.7,2.7,2.63,2.68,271200.0
2018-09-26 18:00:00,2.7,2.71,2.61,2.65,811500.0
2018-09-27 18:00:00,2.66,2.71,2.63,2.65,593000.0
2018-09-28 18:00:00,2.64,2.67,2.63,2.63,899900.0
2018-10-01 18:00:00,2.66,2.66,2.52,2.58,743300.0
2018-10-02 18:00:00,2.65,2.7,2.63,2.66,1129400.0
2018-10-03 18:00:00,2.7,2.8,2.69,2.76,629200.0
2018-10-04 18:00:00,2.73,2.78,2.65,2.75,917100.0
2018-10-05 18:00:00,2.78,2.79,2.73,2.78,1049900.0
2018-10-08 18:00:00,2.87,3.09,2.87,2.99,1724900.0
2018-10-09 18:00:00,3.05,3.08,2.97,3.08,702100.0
2018-10-10 18:00:00,3.08,3.08,3.0,3.06,219000.0
2018-10-11 18:00:00,3.07,3.09,3.02,3.07,763900.0
2018-10-15 18:00:00,3.08,3.12,3.05,3.06,544200.0
2018-10-16 18:00:00,3.09,3.35,3.08,3.22,2870300.0
2018-10-17 18:00:00,3.23,3.27,3.2,3.25,1995400.0
2018-10-18 18:00:00,3.23,3.35,3.21,3.32,2193700.0
2018-10-19 18:00:00,3.33,3.39,3.28,3.36,555600.0
2018-10-22 18:00:00,3.38,3.38,3.32,3.34,787000.0
2018-10-23 18:00:00,3.31,3.48,3.21,3.35,1289000.0
2018-10-24 18:00:00,3.43,3.44,3.28,3.32,1223700.0
2018-10-25 18:00:00,3.33,3.39,3.23,3.23,1105800.0
2018-10-26 18:00:00,3.23,3.48,3.21,3.48,2151600.0
2018-10-29 18:00:00,3.48,3.5,3.34,3.4,1198000.0
2018-10-30 18:00:00,3.42,3.56,3.37,3.55,1071000.0
2018-10-31 18:00:00,3.54,3.57,3.47,3.57,1031800.0
2018-11-01 18:00:00,3.61,3.69,3.57,3.69,1434200.0
2018-11-05 18:00:00,3.7,3.74,3.68,3.72,1819700.0
2018-11-06 18:00:00,3.7,3.72,3.65,3.65,928800.0
2018-11-07 18:00:00,3.67,3.71,3.47,3.53,1326000.0
2018-11-08 18:00:00,3.56,3.6,3.47,3.5,612500.0
2018-11-09 18:00:00,3.53,3.55,3.39,3.5,1033300.0
2018-11-12 18:00:00,3.49,3.54,3.4,3.5,1114200.0
2018-11-13 18:00:00,3.66,3.84,3.6,3.8,5585400.0
2018-11-14 18:00:00,3.78,3.9,3.67,3.85,3063500.0
2018-11-16 18:00:00,3.85,3.95,3.81,3.93,1048100.0
2018-11-19 18:00:00,3.95,3.99,3.83,3.85,1619900.0
2018-11-21 18:00:00,3.84,3.89,3.74,3.88,912000.0
2018-11-22 18:00:00,3.9,3.93,3.84,3.88,726200.0
2018-11-23 18:00:00,3.88,3.89,3.83,3.87,647800.0
2018-11-26 18:00:00,3.87,3.9,3.73,3.81,633200.0
2018-11-27 18:00:00,3.83,3.85,3.74,3.85,702500.0
2018-11-28 18:00:00,3.86,3.93,3.85,3.93,2300500.0
2018-11-29 18:00:00,3.93,3.94,3.89,3.9,1418300.0
2018-11-30 18:00:00,3.9,4.16,3.9,4.1,3910800.0
2018-12-03 18:00:00,4.14,4.17,4.05,4.12,1666000.0
2018-12-04 18:00:00,4.14,4.15,4.04,4.09,1418300.0
2018-12-05 18:00:00,4.09,4.14,4.06,4.1,1775000.0
2018-12-06 18:00:00,4.09,4.11,4.01,4.08,799000.0
2018-12-07 18:00:00,4.09,4.13,4.07,4.12,1252100.0
2018-12-10 18:00:00,4.12,4.12,4.01,4.03,1536400.0
2018-12-11 18:00:00,4.09,4.13,4.02,4.11,1052900.0
2018-12-12 18:00:00,4.11,4.2,4.07,4.19,1235800.0
2018-12-13 18:00:00,4.19,4.28,4.18,4.22,1956300.0
2018-12-14 18:00:00,4.22,4.35,4.18,4.28,1424900.0
2018-12-17 18:00:00,4.31,4.31,4.01,4.05,5089600.0
2018-12-18 18:00:00,4.06,4.18,4.01,4.1,1008900.0
2018-12-19 18:00:00,4.12,4.13,4.04,4.04,903500.0
2018-12-20 18:00:00,4.06,4.08,3.96,4.01,1628000.0
2018-12-21 18:00:00,3.95,4.08,3.95,4.03,1653300.0
2018-12-26 18:00:00,4.03,4.03,3.86,3.97,1186100.0
2018-12-27 18:00:00,4.0,4.03,3.86,3.96,1959600.0
2018-12-28 18:00:00,4.05,4.23,3.96,4.23,2351400.0
2019-01-02 18:00:00,4.18,4.28,4.12,4.25,2740000.0
2019-01-03 18:00:00,4.2,4.38,4.2,4.37,1072800.0
2019-01-04 18:00:00,4.39,4.39,4.27,4.28,1303700.0
2019-01-07 18:00:00,4.26,4.3,4.22,4.23,862800.0
2019-01-08 18:00:00,4.27,4.34,4.22,4.22,989900.0
2019-01-09 18:00:00,4.24,4.3,4.23,4.23,850100.0
2019-01-10 18:00:00,4.24,4.33,4.19,4.33,1126500.0
2019-01-11 18:00:00,4.33,4.37,4.28,4.33,1311900.0
2019-01-14 18:00:00,4.33,4.44,4.27,4.4,1435600.0
2019-01-15 18:00:00,4.4,4.44,4.31,4.4,2037100.0
2019-01-16 18:00:00,4.42,4.43,4.32,4.37,692000.0
2019-01-17 18:00:00,4.35,4.49,4.35,4.49,1207900.0
2019-01-18 18:00:00,4.49,4.54,4.42,4.47,1723400.0
2019-01-21 18:00:00,4.44,4.72,4.41,4.7,1971500.0
2019-01-22 18:00:00,4.69,4.7,4.45,4.5,1837300.0
2019-01-23 18:00:00,4.55,4.65,4.51,4.65,1133100.0
2019-01-24 18:00:00,4.65,4.68,4.56,4.59,3192800.0
2019-01-28 18:00:00,4.59,4.64,4.51,4.63,927000.0
2019-01-29 18:00:00,4.65,4.68,4.53,4.59,2316800.0
2019-01-30 18:00:00,4.63,4.63,4.32,4.4,2161000.0
2019-01-31 18:00:00,4.41,4.55,4.38,4.48,1208500.0
2019-02-01 18:00:00,4.49,4.59,4.41,4.5,605300.0
2019-02-04 18:00:00,4.5,4.54,4.37,4.51,1342800.0
2019-02-05 18:00:00,4.49,4.52,4.45,4.47,855800.0
2019-02-06 18:00:00,4.43,4.47,4.33,4.34,934700.0
2019-02-07 18:00:00,4.42,4.42,4.2,4.35,1720300.0
2019-02-08 18:00:00,4.32,4.35,4.22,4.3,1825500.0
2019-02-11 18:00:00,4.32,4.33,4.2,4.2,498500.0
2019-02-12 18:00:00,4.26,4.27,4.07,4.2,1697800.0
2019-02-13 18:00:00,4.17,4.18,4.07,4.15,1650400.0
2019-02-14 18:00:00,4.18,4.2,4.03,4.2,4386400.0
2019-02-15 18:00:00,4.18,4.28,4.15,4.23,1162500.0
2019-02-18 18:00:00,4.3,4.39,4.23,4.24,1239500.0
2019-02-19 18:00:00,4.25,4.36,4.25,4.31,588100.0
2019-02-20 18:00:00,4.34,4.34,4.25,4.29,796500.0
2019-02-21 18:00:00,4.26,4.32,4.14,4.2,966700.0
2019-02-22 18:00:00,4.25,4.25,3.95,4.06,2647000.0
2019-02-25 18:00:00,4.05,4.05,3.93,3.96,1817200.0
2019-02-26 18:00:00,3.99,4.03,3.88,3.89,3045800.0
2019-02-27 18:00:00,3.9,4.0,3.84,3.87,1399300.0
2019-02-28 18:00:00,3.88,3.9,3.77,3.77,1269300.0
2019-03-01 18:00:00,3.8,3.81,3.69,3.77,2999000.0
2019-03-07 18:00:00,3.63,3.65,3.56,3.56,1499600.0
2019-03-08 18:00:00,3.57,3.67,3.51,3.58,2687000.0
2019-03-11 18:00:00,3.59,3.66,3.57,3.59,1793000.0
2019-03-12 18:00:00,3.6,3.63,3.54,3.54,1228000.0
2019-03-13 18:00:00,3.55,3.6,3.5,3.57,2593800.0
2019-03-14 18:00:00,3.58,3.63,3.52,3.56,3517000.0
2019-03-15 18:00:00,3.56,3.71,3.56,3.7,2116800.0
2019-03-18 18:00:00,3.74,3.82,3.68,3.8,3687800.0
2019-03-19 18:00:00,3.83,3.87,3.72,3.87,2092600.0
2019-03-20 18:00:00,3.84,3.99,3.81,3.98,3040100.0
2019-03-21 18:00:00,4.07,4.09,3.87,3.95,6932600.0
2019-03-22 18:00:00,3.93,3.93,3.67,3.74,7331200.0
2019-03-25 18:00:00,3.76,3.87,3.7,3.78,2076000.0
2019-03-26 18:00:00,3.81,3.85,3.75,3.76,1412900.0
2019-03-27 18:00:00,3.74,3.75,3.58,3.58,1237900.0
2019-03-28 18:00:00,3.6,3.68,3.55,3.66,1804800.0
2019-03-29 18:00:00,3.71,4.02,3.7,4.01,6864800.0
2019-04-01 18:00:00,4.05,4.05,3.78,3.81,2118100.0
2019-04-02 18:00:00,3.84,3.84,3.66,3.69,2191800.0
2019-04-03 18:00:00,3.71,3.98,3.71,3.9,1380000.0
2019-04-04 18:00:00,3.9,3.92,3.82,3.87,987700.0
2019-04-05 18:00:00,3.9,3.95,3.81,3.85,807500.0
2019-04-08 18:00:00,3.88,3.92,3.78,3.78,810400.0
2019-04-09 18:00:00,3.79,3.79,3.66,3.7,1000100.0
2019-04-10 18:00:00,3.74,3.78,3.65,3.65,1462700.0
2019-04-11 18:00:00,3.67,3.68,3.59,3.64,1566100.0
2019-04-12 18:00:00,3.61,3.62,3.53,3.6,2115500.0
2019-04-15 18:00:00,3.6,3.65,3.52,3.65,806300.0
2019-04-16 18:00:00,3.66,3.71,3.59,3.6,1573100.0
2019-04-17 18:00:00,3.63,3.71,3.57,3.67,1887900.0
2019-04-18 18:00:00,3.67,3.82,3.61,3.82,2517400.0
2019-04-22 18:00:00,3.81,3.88,3.77,3.86,2542400.0
2019-04-23 18:00:00,3.88,3.91,3.84,3.85,1670100.0
2019-04-24 18:00:00,3.86,3.86,3.72,3.8,619700.0
2019-04-25 18:00:00,3.82,3.88,3.74,3.86,674600.0
2019-04-26 18:00:00,3.87,3.89,3.82,3.87,483900.0
2019-04-29 18:00:00,3.89,3.92,3.8,3.8,2391100.0
2019-04-30 18:00:00,3.83,3.85,3.76,3.81,994200.0
2019-05-02 18:00:00,3.76,3.86,3.72,3.83,1277900.0
2019-05-03 18:00:00,3.84,3.89,3.78,3.79,1255400.0
2019-05-06 18:00:00,3.77,3.82,3.73,3.82,5694000.0
2019-05-07 18:00:00,3.82,3.85,3.72,3.75,1215700.0
2019-05-08 18:00:00,3.78,3.85,3.78,3.85,566000.0
2019-05-09 18:00:00,3.84,3.84,3.77,3.83,600800.0
2019-05-10 18:00:00,3.79,3.85,3.78,3.85,1138800.0
2019-05-13 18:00:00,3.8,3.83,3.72,3.8,1514500.0
2019-05-14 18:00:00,3.82,3.85,3.73,3.85,873300.0
2019-05-15 18:00:00,3.79,3.82,3.61,3.72,2037500.0
2019-05-16 18:00:00,3.69,3.72,3.57,3.6,1262600.0
2019-05-17 18:00:00,3.61,3.64,3.57,3.61,1806100.0
2019-05-20 18:00:00,3.64,3.68,3.6,3.66,1105800.0
2019-05-21 18:00:00,3.69,3.78,3.69,3.75,956300.0
2019-05-22 18:00:00,3.78,3.79,3.67,3.7,1269400.0
2019-05-23 18:00:00,3.69,3.78,3.65,3.78,843700.0
2019-05-24 18:00:00,3.79,3.84,3.71,3.78,457600.0
2019-05-27 18:00:00,3.79,3.81,3.7,3.75,712400.0
2019-05-28 18:00:00,3.76,3.89,3.76,3.89,2095500.0
2019-05-29 18:00:00,3.91,4.16,3.91,4.14,4116200.0
2019-05-30 18:00:00,4.18,4.28,4.14,4.18,1828900.0
2019-05-31 18:00:00,4.17,4.18,4.12,4.16,1176800.0
2019-06-03 18:00:00,4.18,4.3,4.16,4.3,1113700.0
2019-06-04 18:00:00,4.33,4.36,4.21,4.24,842100.0
2019-06-05 18:00:00,4.29,4.29,4.12,4.2,1245400.0
2019-06-06 18:00:00,4.25,4.29,4.2,4.29,1537500.0
2019-06-07 18:00:00,4.29,4.37,4.24,4.3,1647200.0
2019-06-10 18:00:00,4.3,4.3,4.2,4.22,3029200.0
2019-06-11 18:00:00,4.24,4.28,4.17,4.25,2476900.0
2019-06-12 18:00:00,4.25,4.29,4.2,4.25,2534700.0
2019-06-13 18:00:00,4.27,4.28,4.17,4.26,2348100.0
2019-06-14 18:00:00,4.23,4.34,4.23,4.26,1107000.0
2019-06-17 18:00:00,4.27,4.33,4.23,4.33,4663600.0
2019-06-18 18:00:00,4.35,4.39,4.28,4.39,1445500.0
2019-06-19 18:00:00,4.39,4.45,4.31,4.41,2532000.0
2019-06-21 18:00:00,4.43,4.46,4.4,4.43,1262800.0
2019-06-24 18:00:00,4.45,4.47,4.37,4.4,919100.0
2019-06-25 18:00:00,4.39,4.43,4.36,4.39,904700.0
2019-06-26 18:00:00,4.39,4.41,4.34,4.34,851200.0
2019-06-27 18:00:00,4.34,4.34,4.25,4.29,1160000.0
2019-06-28 18:00:00,4.33,4.4,4.29,4.36,3490300.0
2019-07-01 18:00:00,4.49,4.49,4.34,4.4,2051700.0
2019-07-02 18:00:00,4.4,4.59,4.39,4.57,4327700.0
2019-07-03 18:00:00,4.57,4.69,4.52,4.67,2833900.0
2019-07-04 18:00:00,4.69,4.77,4.66,4.72,2108300.0
2019-07-05 18:00:00,4.7,4.75,4.66,4.7,1214000.0
2019-07-08 18:00:00,4.69,5.03,4.69,4.9,3137800.0
2019-07-10 18:00:00,4.96,5.06,4.91,4.91,2650200.0
2019-07-11 18:00:00,4.95,4.99,4.79,4.99,1422800.0
2019-07-12 18:00:00,4.98,5.0,4.91,4.98,2760600.0
2019-07-15 18:00:00,5.01,5.06,4.92,5.06,1829300.0
2019-07-16 18:00:00,5.09,5.13,5.0,5.05,903100.0
2019-07-17 18:00:00,5.08,5.1,5.04,5.1,1401500.0
2019-07-18 18:00:00,5.11,5.19,5.09,5.19,2641400.0
2019-07-19 18:00:00,5.2,5.22,5.09,5.12,1667800.0
2019-07-22 18:00:00,5.15,5.2,5.04,5.2,2177300.0
2019-07-23 18:00:00,5.19,5.24,5.09,5.12,1705500.0
2019-07-24 18:00:00,5.14,5.23,5.08,5.13,1094900.0
2019-07-25 18:00:00,5.12,5.2,5.07,5.1,2079600.0
2019-07-26 18:00:00,5.07,5.15,5.07,5.08,1896900.0
2019-07-29 18:00:00,5.1,5.18,5.08,5.18,740600.0
2019-07-30 18:00:00,5.18,5.28,5.16,5.22,1412700.0
2019-07-31 18:00:00,5.26,5.32,5.22,5.28,1544700.0
2019-08-01 18:00:00,5.25,5.49,5.25,5.45,2274100.0
2019-08-02 18:00:00,5.46,5.75,5.39,5.75,2321600.0
2019-08-05 18:00:00,5.69,5.75,5.54,5.69,2670100.0
2019-08-06 18:00:00,5.73,5.89,5.7,5.89,1735400.0
2019-08-07 18:00:00,5.89,5.92,5.8,5.91,2823700.0
2019-08-08 18:00:00,5.92,6.1,5.92,6.04,6481700.0
2019-08-09 18:00:00,6.05,6.1,6.01,6.06,1793400.0
2019-08-12 18:00:00,6.06,6.13,5.98,6.06,4615200.0
2019-08-13 18:00:00,6.06,6.16,6.03,6.1,8515900.0
2019-08-14 18:00:00,6.2,6.34,5.97,6.08,4504700.0
2019-08-15 18:00:00,6.09,6.1,5.86,6.0,6506500.0
2019-08-16 18:00:00,6.05,6.05,5.87,6.05,2300300.0
2019-08-19 18:00:00,6.05,6.29,6.05,6.27,1715500.0
2019-08-20 18:00:00,6.3,6.3,6.15,6.18,1816000.0
2019-08-21 18:00:00,6.19,6.28,6.15,6.18,2557700.0
2019-08-22 18:00:00,6.19,6.2,6.12,6.18,1712300.0
2019-08-23 18:00:00,6.15,6.16,5.99,6.16,1842300.0
2019-08-26 18:00:00,6.17,6.34,6.01,6.08,2398600.0
2019-08-27 18:00:00,6.14,6.19,5.92,6.1,2148700.0
2019-08-28 18:00:00,6.08,6.17,5.98,6.1,2254900.0
2019-08-29 18:00:00,6.15,6.57,6.15,6.41,2949600.0
2019-08-30 18:00:00,6.51,6.78,6.48,6.78,4617300.0
2019-09-02 18:00:00,6.85,6.9,6.66,6.89,3088000.0
2019-09-03 18:00:00,6.9,6.93,6.56,6.61,3131500.0
2019-09-04 18:00:00,6.69,6.74,6.33,6.43,3337500.0
2019-09-05 18:00:00,6.47,6.75,6.46,6.75,2155700.0
2019-09-06 18:00:00,6.82,6.84,6.59,6.7,1543500.0
2019-09-09 18:00:00,6.72,6.75,6.51,6.66,2185500.0
2019-09-10 18:00:00,6.66,6.66,6.46,6.6,1516300.0
2019-09-11 18:00:00,6.6,6.73,6.51,6.68,2177100.0
2019-09-12 18:00:00,6.73,6.8,6.49,6.49,3098100.0
2019-09-13 18:00:00,6.53,6.53,6.25,6.43,2270100.0
2019-09-16 18:00:00,6.4,6.44,6.11,6.24,3507400.0
2019-09-17 18:00:00,6.2,6.45,6.13,6.45,1857800.0
2019-09-18 18:00:00,6.38,6.45,6.27,6.43,2716000.0
2019-09-19 18:00:00,6.45,6.54,6.37,6.45,2464400.0
2019-09-20 18:00:00,6.48,6.51,6.36,6.5,1440600.0
2019-09-23 18:00:00,6.49,6.5,6.32,6.4,2463400.0
2019-09-24 18:00:00,6.44,6.44,6.26,6.31,1465100.0
2019-09-25 18:00:00,6.27,6.28,6.14,6.14,3302400.0
2019-09-26 18:00:00,6.12,6.34,6.04,6.22,1791000.0
2019-09-27 18:00:00,6.22,6.28,6.13,6.22,2089300.0
2019-09-30 18:00:00,6.25,6.4,6.23,6.37,1941400.0
2019-10-01 18:00:00,6.4,6.42,6.22,6.3,2427800.0
2019-10-02 18:00:00,6.28,6.32,6.16,6.28,1433000.0
2019-10-03 18:00:00,6.33,6.47,6.29,6.38,2239200.0
2019-10-04 18:00:00,6.4,6.57,6.36,6.45,1886200.0
2019-10-07 18:00:00,6.42,6.47,6.3,6.33,1330100.0
2019-10-08 18:00:00,6.34,6.38,6.28,6.29,1307900.0
2019-10-09 18:00:00,6.35,6.36,6.22,6.35,943100.0
2019-10-10 18:00:00,6.37,6.37,6.21,6.3,1475200.0
2019-10-11 18:00:00,6.3,6.52,6.26,6.45,3743300.0
2019-10-14 18:00:00,6.49,6.89,6.48,6.84,3026400.0
2019-10-15 18:00:00,6.85,7.11,6.72,6.72,3688800.0
2019-10-16 18:00:00,6.75,7.11,6.73,7.08,2352600.0
2019-10-17 18:00:00,7.1,7.3,7.05,7.17,3259000.0
2019-10-18 18:00:00,7.17,7.36,7.02,7.23,2343700.0
2019-10-21 18:00:00,7.26,7.29,7.14,7.2,1727600.0
2019-10-22 18:00:00,7.22,7.27,7.1,7.17,2181100.0
2019-10-23 18:00:00,7.16,7.2,7.04,7.12,2050000.0
2019-10-24 18:00:00,7.18,7.19,7.05,7.11,1158500.0
2019-10-25 18:00:00,7.12,7.14,6.92,6.95,2017200.0
2019-10-28 18:00:00,6.99,7.01,6.86,6.9,1658100.0
2019-10-29 18:00:00,6.94,6.99,6.81,6.9,1186300.0
2019-10-30 18:00:00,6.93,6.93,6.82,6.9,1398100.0
2019-10-31 18:00:00,6.88,6.9,6.75,6.84,2150900.0
2019-11-01 18:00:00,6.89,7.05,6.8,7.0,2671700.0
2019-11-04 18:00:00,7.09,7.3,7.09,7.2,2400900.0
2019-11-05 18:00:00,7.21,7.28,7.07,7.18,1844000.0
2019-11-06 18:00:00,7.2,7.3,7.11,7.3,3202700.0
2019-11-07 18:00:00,7.34,7.64,7.29,7.58,3033400.0
2019-11-08 18:00:00,7.55,7.65,7.41,7.55,2104300.0
2019-11-11 18:00:00,7.55,7.64,7.37,7.64,1665700.0
2019-11-12 18:00:00,7.64,7.65,7.31,7.31,3045300.0
2019-11-13 18:00:00,7.15,7.27,6.94,7.24,3031400.0
2019-11-14 18:00:00,7.19,7.25,7.13,7.2,1993000.0
2019-11-18 18:00:00,7.28,7.5,7.21,7.27,1502300.0
2019-11-19 18:00:00,7.3,7.34,7.15,7.26,1659800.0
2019-11-21 18:00:00,7.27,7.29,6.95,7.02,5167700.0
2019-11-22 18:00:00,7.07,7.28,6.96,7.28,1986800.0
2019-11-25 18:00:00,7.33,7.34,7.14,7.24,1903000.0
2019-11-26 18:00:00,7.24,7.24,7.03,7.24,1962700.0
2019-11-27 18:00:00,7.23,7.23,7.06,7.1,2682600.0
2019-11-28 18:00:00,7.1,7.21,7.08,7.17,2141600.0
2019-11-29 18:00:00,7.19,7.19,7.08,7.14,2162800.0
2019-12-02 18:00:00,7.11,7.23,7.08,7.12,3484300.0
2019-12-03 18:00:00,7.15,7.19,7.08,7.17,1598500.0
2019-12-04 18:00:00,7.19,7.3,7.16,7.19,2311800.0
2019-12-05 18:00:00,7.19,7.2,7.1,7.15,2264200.0
2019-12-06 18:00:00,7.15,7.17,7.12,7.16,1767800.0
2019-12-09 18:00:00,7.16,7.2,7.11,7.2,1533900.0
2019-12-10 18:00:00,7.18,7.57,7.16,7.57,3340000.0
2019-12-11 10:00:00,7.61,7.7,7.58,7.68,331000.0
2019-12-11 10:15:00,7.6802,7.7875,7.6574,7.7602,259053.0
2019-12-11 10:30:00,7.7403,7.8375,7.7174,7.7903,246012.0
2019-12-11 10:45:00,7.7903,7.8373,7.7772,7.8303,114055.0
2019-12-11 11:00:00,7.83,7.9,7.8,7.8,314159.0
2019-12-11 11:15:00,7.8102,7.8562,7.7861,7.8002,94720.0
2019-12-11 11:30:00,7.8,7.84,7.8,7.81,74200.0
2019-12-11 11:45:00,7.8101,7.8268,7.7467,7.7801,134495.0
2019-12-11 12:00:00,7.78,7.79,7.76,7.77,103074.0
2019-12-11 12:15:00,7.7603,7.8072,7.7572,7.8003,117388.0
2019-12-11 12:30:00,7.79,7.85,7.79,7.84,82800.0
2019-12-11 12:45:00,7.8403,7.8976,7.8175,7.8803,118324.0
2019-12-11 13:00:00,7.88,7.89,7.86,7.88,64082.0
2019-12-11 13:15:00,7.89,7.89,7.84,7.84,66400.0
2019-12-11 13:30:00,7.8402,7.8762,7.8362,7.8502,114339.0
2019-12-11 13:45:00,7.8503,7.8675,7.8275,7.8403,51968.0
2019-12-11 14:00:00,7.85,7.87,7.82,7.87,59271.0
2019-12-11 14:15:00,7.8703,7.8977,7.8576,7.8603,151252.0
2019-12-11 14:30:00,7.8603,7.8974,7.8473,7.8903,122487.0
2019-12-11 14:45:00,7.8903,7.9278,7.8277,7.8602,433116.0
2019-12-11 15:00:00,7.85,7.87,7.83,7.86,72812.0
2019-12-11 15:15:00,7.8603,7.8776,7.8475,7.8503,55676.0
2019-12-11 15:30:00,7.8503,7.8673,7.8273,7.8403,94577.0
2019-12-11 15:45:00,7.84,7.85,7.81,7.81,131661.0
2019-12-11 18:00:00,7.61,7.92,7.58,7.92,4875100.0
2019-12-12 10:00:00,7.98,8.09,7.98,8.07,288495.0
2019-12-12 10:15:00,8.0802,8.0864,7.9863,8.0302,266485.0
2019-12-12 10:30:00,8.0303,8.0979,8.0279,8.0903,102505.0
2019-12-12 10:45:00,8.0901,8.1671,8.077,8.1101,437483.0
2019-12-12 11:00:00,8.13,8.14,8.1,8.11,123342.0
2019-12-12 11:15:00,8.1203,8.1476,8.1076,8.1203,98901.0
2019-12-12 11:30:00,8.12,8.14,8.11,8.11,128500.0
2019-12-12 11:45:00,8.1103,8.1379,8.0378,8.0403,151449.0
2019-12-12 12:00:00,8.04,8.1,8.04,8.08,144285.0
2019-12-12 12:15:00,8.0901,8.097,8.047,8.0501,186239.0
2019-12-12 12:30:00,8.05,8.06,8.05,8.06,51600.0
2019-12-12 12:45:00,8.0503,8.0677,8.0177,8.0303,139837.0
2019-12-12 13:00:00,8.03,8.04,8.0,8.0,128554.0
2019-12-12 13:15:00,8.0,8.02,7.95,7.95,132600.0
2019-12-12 13:30:00,7.95,7.99,7.95,7.97,67700.0
2019-12-12 13:45:00,7.9803,7.9978,7.9678,7.9703,48619.0
2019-12-12 14:00:00,7.97,7.99,7.96,7.97,41849.0
2019-12-12 14:15:00,7.9703,7.9977,7.9677,7.9703,65417.0
2019-12-12 14:30:00,7.97,7.98,7.97,7.98,30500.0
2019-12-12 14:45:00,7.98,8.0,7.98,7.99,45944.0
2019-12-12 15:00:00,7.98,7.99,7.97,7.99,52313.0
2019-12-12 15:15:00,7.9803,8.0077,7.9776,8.0003,181534.0
2019-12-12 15:30:00,7.9901,8.0069,7.9769,7.9901,132900.0
2019-12-12 15:45:00,7.9802,7.9977,7.9777,7.9802,52067.0
2019-12-12 18:00:00,7.98,8.16,7.83,7.83,4757900.0
2019-12-13 10:00:00,7.95,7.97,7.85,7.86,66200.0
2019-12-13 10:15:00,7.8503,7.8874,7.8273,7.8403,44595.0
2019-12-13 10:30:00,7.82,7.84,7.74,7.75,129434.0
2019-12-13 10:45:00,7.7503,7.8476,7.6875,7.8203,179945.0
2019-12-13 11:00:00,7.81,7.82,7.78,7.8,46879.0
2019-12-13 11:15:00,7.8003,7.8473,7.7672,7.8303,101556.0
2019-12-13 11:30:00,7.8202,7.8376,7.7575,7.7602,65010.0
2019-12-13 11:45:00,7.75,7.8,7.75,7.79,55300.0
2019-12-13 12:00:00,7.79,7.83,7.78,7.83,74889.0
2019-12-13 12:15:00,7.8403,7.8676,7.8376,7.8403,50581.0
2019-12-13 12:30:00,7.8503,7.8874,7.8373,7.8703,56090.0
2019-12-13 12:45:00,7.8803,7.9178,7.8777,7.8803,68370.0
2019-12-13 13:00:00,7.89,7.89,7.86,7.86,45844.0
2019-12-13 13:15:00,7.86,7.89,7.86,7.88,111900.0
2019-12-13 13:30:00,7.89,7.89,7.87,7.87,51700.0
2019-12-13 13:45:00,7.87,7.9,7.87,7.88,116076.0
2019-12-13 14:00:00,7.89,7.92,7.85,7.85,101119.0
2019-12-13 14:15:00,7.8603,7.8775,7.8575,7.8703,111056.0
2019-12-13 14:30:00,7.8701,7.8768,7.8568,7.8601,53738.0
2019-12-13 14:45:00,7.8602,7.8976,7.8576,7.8702,74890.0
2019-12-13 15:00:00,7.88,7.89,7.87,7.87,70536.0
2019-12-13 15:15:00,7.8803,7.8977,7.8677,7.8903,67459.0
2019-12-13 15:30:00,7.8903,7.8977,7.8777,7.8903,77598.0
2019-12-13 15:45:00,7.88,7.89,7.87,7.87,79800.0
2019-12-13 18:00:00,7.95,7.97,7.68,7.95,3571700.0
2019-12-16 10:00:00,7.97,8.12,7.97,8.11,167300.0
2019-12-16 10:15:00,8.1203,8.1279,8.0578,8.0803,127194.0
2019-12-16 10:30:00,8.0803,8.0976,8.0776,8.0803,33198.0
2019-12-16 10:45:00,8.0803,8.0879,8.0279,8.0303,74650.0
2019-12-16 11:00:00,8.04,8.08,8.03,8.05,39552.0
2019-12-16 11:15:00,8.0603,8.0778,7.9877,7.9903,81461.0
2019-12-16 11:30:00,7.9803,7.9974,7.9274,7.9603,75307.0
2019-12-16 11:45:00,7.96,7.99,7.95,7.98,143299.0
2019-12-16 12:00:00,7.98,7.99,7.96,7.99,56349.0
2019-12-16 12:15:00,7.9903,8.0279,7.9878,8.0203,62192.0
2019-12-16 12:30:00,8.0203,8.0278,7.9978,8.0003,49004.0
2019-12-16 12:45:00,8.0,8.02,8.0,8.02,38300.0
2019-12-16 13:00:00,8.01,8.05,8.01,8.05,26509.0
2019-12-16 13:15:00,8.05,8.08,8.03,8.03,50498.0
2019-12-16 13:30:00,8.0403,8.0577,8.0377,8.0403,48800.0
2019-12-16 13:45:00,8.0403,8.0575,8.0375,8.0503,39045.0
2019-12-16 14:00:00,8.07,8.08,8.03,8.04,41187.0
2019-12-16 14:15:00,8.04,8.05,8.01,8.01,57400.0
2019-12-16 14:30:00,8.0103,8.0277,7.9776,7.9803,77088.0
2019-12-16 14:45:00,7.9803,7.9974,7.9674,7.9903,113951.0
2019-12-16 15:00:00,7.98,8.0,7.96,7.96,124425.0
2019-12-16 15:15:00,7.9602,7.9963,7.9563,7.9802,139782.0
2019-12-16 15:30:00,7.98,8.01,7.98,8.0,86400.0
2019-12-16 15:45:00,8.0,8.03,8.0,8.01,67600.0
2019-12-16 18:00:00,7.97,8.12,7.92,8.12,2975800.0
2019-12-17 10:00:00,8.12,8.28,8.06,8.28,152416.0
2019-12-17 10:15:00,8.2803,8.328,8.1378,8.1503,245339.0
2019-12-17 10:30:00,8.1503,8.1576,8.0575,8.0803,156448.0
2019-12-17 10:45:00,8.07,8.08,8.01,8.05,116582.0
2019-12-17 11:00:00,8.05,8.05,7.92,7.94,151629.0
2019-12-17 11:15:00,7.95,8.02,7.95,8.0,90400.0
2019-12-17 11:30:00,8.0001,8.0069,7.9869,8.0001,12163.0
2019-12-17 11:45:00,8.0002,8.0178,7.9877,8.0002,36457.0
2019-12-17 12:00:00,8.0,8.06,8.0,8.04,41471.0
2019-12-17 12:15:00,8.04,8.09,8.04,8.04,41289.0
2019-12-17 12:30:00,8.0503,8.0678,8.0377,8.0603,24639.0
2019-12-17 12:45:00,8.0503,8.0776,8.0475,8.0603,15261.0
2019-12-17 13:00:00,8.08,8.1,8.07,8.08,38988.0
2019-12-17 13:15:00,8.0802,8.1078,8.0778,8.1002,22230.0
2019-12-17 13:30:00,8.1003,8.1078,8.0777,8.0803,20645.0
2019-12-17 13:45:00,8.0903,8.0975,8.0675,8.0803,22915.0
2019-12-17 14:00:00,8.07,8.11,8.07,8.11,19772.0
2019-12-17 14:15:00,8.1102,8.1264,8.0864,8.1202,61716.0
2019-12-17 14:30:00,8.1203,8.148,8.118,8.1303,35046.0
2019-12-17 14:45:00,8.13,8.14,8.12,8.12,30600.0
2019-12-17 15:00:00,8.11,8.13,8.11,8.11,43503.0
2019-12-17 15:15:00,8.1,8.15,8.1,8.11,102100.0
2019-12-17 15:30:00,8.1,8.12,8.1,8.12,46200.0
2019-12-17 15:45:00,8.1203,8.1279,8.1079,8.1203,47426.0
2019-12-17 18:00:00,8.12,8.32,7.92,8.19,2889300.0
2019-12-18 10:00:00,8.21,8.22,8.11,8.17,57424.0
2019-12-18 10:15:00,8.1703,8.2079,8.1678,8.1903,17695.0
2019-12-18 10:30:00,8.18,8.22,8.18,8.21,14100.0
2019-12-18 10:45:00,8.2,8.21,8.15,8.15,21700.0
2019-12-18 11:00:00,8.15,8.18,8.14,8.16,21580.0
2019-12-18 11:15:00,8.1703,8.188,8.118,8.1303,31501.0
2019-12-18 11:30:00,8.1303,8.1479,8.0979,8.1403,46933.0
2019-12-18 11:45:00,8.1402,8.1464,8.0764,8.1102,84298.0
2019-12-18 12:00:00,8.11,8.11,8.07,8.07,55483.0
2019-12-18 12:15:00,8.07,8.11,8.07,8.09,31500.0
2019-12-18 12:30:00,8.0903,8.1078,8.0877,8.0903,25221.0
2019-12-18 12:45:00,8.0803,8.1075,8.0475,8.0703,92702.0
2019-12-18 13:00:00,8.06,8.11,8.06,8.1,204613.0
2019-12-18 13:15:00,8.09,8.1,8.09,8.09,10100.0
2019-12-18 13:30:00,8.1,8.1,8.08,8.08,19700.0
2019-12-18 13:45:00,8.09,8.09,8.07,8.07,17500.0
2019-12-18 14:00:00,8.08,8.09,8.07,8.08,34942.0
2019-12-18 14:15:00,8.0803,8.1076,8.0776,8.0903,28838.0
2019-12-18 14:30:00,8.08,8.12,8.08,8.11,61000.0
2019-12-18 14:45:00,8.11,8.15,8.11,8.13,188100.0
2019-12-18 15:00:00,8.12,8.19,8.12,8.17,220073.0
2019-12-18 15:15:00,8.1703,8.1876,8.1476,8.1603,99160.0
2019-12-18 15:30:00,8.1502,8.1779,8.1479,8.1502,83881.0
2019-12-18 15:45:00,8.1503,8.1678,8.1378,8.1503,76686.0
2019-12-18 18:00:00,8.21,8.22,8.04,8.17,3716500.0
2019-12-19 10:00:00,8.15,8.2,8.14,8.14,34468.0
2019-12-19 10:15:00,8.1403,8.148,8.1079,8.1303,17523.0
2019-12-19 10:30:00,8.12,8.14,8.12,8.14,30900.0
2019-12-19 10:45:00,8.1402,8.1764,8.1364,8.1702,32186.0
2019-12-19 11:00:00,8.17,8.19,8.14,8.19,26911.0
2019-12-19 11:15:00,8.18,8.2,8.18,8.19,25400.0
2019-12-19 11:30:00,8.19,8.25,8.19,8.24,74200.0
2019-12-19 11:45:00,8.24,8.25,8.22,8.22,76900.0
2019-12-19 12:00:00,8.23,8.23,8.19,8.19,48931.0
2019-12-19 12:15:00,8.19,8.21,8.15,8.15,83500.0
2019-12-19 12:30:00,8.1603,8.168,8.118,8.1203,59659.0
2019-12-19 12:45:00,8.1201,8.147,8.107,8.1201,74176.0
2019-12-19 13:00:00,8.12,8.12,8.08,8.08,141361.0
2019-12-19 13:15:00,8.08,8.13,8.08,8.09,175100.0
2019-12-19 13:30:00,8.09,8.1,8.08,8.08,56400.0
2019-12-19 13:45:00,8.09,8.1,8.07,8.07,100800.0
2019-12-19 14:00:00,8.08,8.1,8.07,8.1,104877.0
2019-12-19 14:15:00,8.1,8.1,8.08,8.08,69800.0
2019-12-19 14:30:00,8.08,8.1,8.08,8.09,66300.0
2019-12-19 14:45:00,8.09,8.1,8.06,8.06,198400.0
2019-12-19 15:00:00,8.06,8.08,8.05,8.07,65284.0
2019-12-19 15:15:00,8.08,8.08,8.05,8.05,75400.0
2019-12-19 15:30:00,8.05,8.07,8.05,8.06,75800.0
2019-12-19 15:45:00,8.07,8.08,8.06,8.06,109300.0
2019-12-19 18:00:00,8.15,8.25,8.0,8.0,3876700.0
2019-12-20 10:00:00,8.0,8.05,7.92,7.94,138358.0
2019-12-20 10:15:00,7.9402,7.9777,7.9277,7.9402,98404.0
2019-12-20 10:30:00,7.9303,7.9476,7.8775,7.9203,116649.0
2019-12-20 10:45:00,7.9303,7.9574,7.9173,7.9503,49684.0
2019-12-20 11:00:00,7.94,7.97,7.92,7.94,98062.0
2019-12-20 11:15:00,7.9502,7.9763,7.9362,7.9502,109536.0
2019-12-20 11:30:00,7.9403,7.9578,7.9278,7.9403,48821.0
2019-12-20 11:45:00,7.9301,7.9469,7.9269,7.9401,60916.0
2019-12-20 12:00:00,7.93,7.96,7.92,7.95,109085.0
2019-12-20 12:15:00,7.9503,7.9674,7.9274,7.9403,119992.0
2019-12-20 12:30:00,7.9402,7.9577,7.9377,7.9502,57896.0
2019-12-20 12:45:00,7.9403,7.9576,7.9376,7.9503,58923.0
2019-12-20 13:00:00,7.94,7.97,7.94,7.95,100829.0
2019-12-20 13:15:00,7.94,7.96,7.94,7.96,79400.0
2019-12-20 13:30:00,7.9602,7.9663,7.9262,7.9402,105756.0
2019-12-20 13:45:00,7.9403,7.9576,7.9376,7.9403,95903.0
2019-12-20 14:00:00,7.94,7.95,7.92,7.94,87504.0
2019-12-20 14:15:00,7.9403,7.9477,7.8977,7.9003,217906.0
2019-12-20 14:30:00,7.9003,7.9074,7.8874,7.9003,120307.0
2019-12-20 14:45:00,7.9003,7.9478,7.8977,7.9403,84577.0
2019-12-20 15:00:00,7.93,7.95,7.92,7.94,76108.0
2019-12-20 15:15:00,7.9303,7.9576,7.9276,7.9403,71243.0
2019-12-20 15:30:00,7.93,7.94,7.92,7.92,83100.0
2019-12-20 15:45:00,7.92,7.93,7.9,7.9,142388.0
2019-12-20 18:00:00,8.0,8.05,7.87,7.94,3879600.0
2019-12-23 10:00:00,7.95,8.03,7.95,7.98,97064.0
2019-12-23 10:15:00,7.9803,8.0074,7.9774,7.9903,38539.0
2019-12-23 10:30:00,7.9902,7.9977,7.9677,7.9902,30232.0
2019-12-23 10:45:00,7.99,7.99,7.98,7.98,17400.0
2019-12-23 11:00:00,7.98,8.0,7.97,8.0,56272.0
2019-12-23 11:15:00,8.0,8.05,8.0,8.04,107200.0
2019-12-23 11:30:00,8.0402,8.0864,8.0263,8.0802,52929.0
2019-12-23 11:45:00,8.0803,8.0877,8.0477,8.0503,76681.0
2019-12-23 12:00:00,8.06,8.07,8.02,8.04,70715.0
2019-12-23 12:15:00,8.0403,8.0678,8.0377,8.0403,34093.0
2019-12-23 12:30:00,8.0503,8.0675,8.0475,8.0603,32706.0
2019-12-23 12:45:00,8.06,8.07,7.98,8.0,169712.0
2019-12-23 13:00:00,8.01,8.03,8.0,8.0,35276.0
2019-12-23 13:15:00,8.0103,8.0477,7.9977,8.0103,62545.0
2019-12-23 13:30:00,8.0101,8.047,8.0069,8.0301,40976.0
2019-12-23 13:45:00,8.0302,8.0478,8.0178,8.0302,57304.0
2019-12-23 14:00:00,8.03,8.03,8.0,8.02,63342.0
2019-12-23 14:15:00,8.0203,8.0379,8.0179,8.0303,22182.0
2019-12-23 14:30:00,8.0303,8.0378,8.0278,8.0303,26129.0
2019-12-23 14:45:00,8.0302,8.0463,8.0263,8.0402,52827.0
2019-12-23 15:00:00,8.04,8.05,8.03,8.05,70994.0
2019-12-23 15:15:00,8.05,8.06,8.02,8.02,54648.0
2019-12-23 15:30:00,8.0203,8.0377,8.0177,8.0203,54148.0
2019-12-23 15:45:00,8.0203,8.0275,8.0075,8.0203,50640.0
2019-12-23 18:00:00,7.95,8.08,7.95,8.07,2778300.0
2019-12-26 10:00:00,8.08,8.15,8.08,8.12,33659.0
2019-12-26 10:15:00,8.12,8.15,8.12,8.15,108400.0
2019-12-26 10:30:00,8.15,8.15,8.13,8.13,47600.0
2019-12-26 10:45:00,8.14,8.15,8.12,8.12,25198.0
2019-12-26 11:00:00,8.13,8.13,8.11,8.12,21747.0
2019-12-26 11:15:00,8.1203,8.1278,8.0877,8.0903,47900.0
2019-12-26 11:30:00,8.09,8.13,8.09,8.13,31600.0
2019-12-26 11:45:00,8.1302,8.1479,8.1279,8.1402,30331.0
2019-12-26 12:00:00,8.14,8.14,8.12,8.14,27313.0
2019-12-26 12:15:00,8.14,8.16,8.14,8.15,52320.0
2019-12-26 12:30:00,8.1503,8.1578,8.1478,8.1503,103426.0
2019-12-26 12:45:00,8.1503,8.1877,8.1476,8.1703,71946.0
2019-12-26 13:00:00,8.18,8.18,8.17,8.18,41287.0
2019-12-26 13:15:00,8.1802,8.1879,8.1679,8.1702,37148.0
2019-12-26 13:30:00,8.1703,8.1878,8.1678,8.1803,58477.0
2019-12-26 13:45:00,8.1803,8.1876,8.1676,8.1803,29893.0
2019-12-26 14:00:00,8.18,8.18,8.17,8.17,77890.0
2019-12-26 14:15:00,8.18,8.18,8.17,8.17,24400.0
2019-12-26 14:30:00,8.1703,8.188,8.158,8.1703,88122.0
2019-12-26 14:45:00,8.1701,8.1771,8.097,8.1201,183547.0
2019-12-26 15:00:00,8.12,8.15,8.1,8.15,45992.0
2019-12-26 15:15:00,8.1403,8.1676,8.1376,8.1603,30820.0
2019-12-26 15:30:00,8.16,8.17,8.14,8.14,31675.0
2019-12-26 15:45:00,8.1303,8.1479,8.1279,8.1403,40623.0
2019-12-26 18:00:00,8.08,8.2,8.07,8.2,2782900.0
2019-12-27 10:00:00,8.28,8.31,8.22,8.23,54217.0
2019-12-27 10:15:00,8.2303,8.2679,8.2079,8.2503,80648.0
2019-12-27 10:30:00,8.2401,8.2672,8.1771,8.2001,50847.0
2019-12-27 10:45:00,8.2002,8.2079,8.1579,8.1702,29837.0
2019-12-27 11:00:00,8.17,8.19,8.16,8.18,32770.0
2019-12-27 11:15:00,8.1703,8.188,8.118,8.1503,73435.0
2019-12-27 11:30:00,8.1503,8.1679,8.1379,8.1603,20114.0
2019-12-27 11:45:00,8.1602,8.1764,8.1164,8.1202,36886.0
2019-12-27 12:00:00,8.12,8.13,8.1,8.11,38188.0
2019-12-27 12:15:00,8.1202,8.1479,8.1078,8.1202,44855.0
2019-12-27 12:30:00,8.1203,8.1278,8.1078,8.1203,38239.0
2019-12-27 12:45:00,8.1103,8.1275,8.1075,8.1103,56871.0
2019-12-27 13:00:00,8.11,8.17,8.11,8.15,48032.0
2019-12-27 13:15:00,8.1602,8.1764,8.1564,8.1702,34434.0
2019-12-27 13:30:00,8.1703,8.188,8.138,8.1603,46188.0
2019-12-27 13:45:00,8.1701,8.1871,8.147,8.1801,34895.0
2019-12-27 14:00:00,8.18,8.18,8.16,8.16,28969.0
2019-12-27 14:15:00,8.16,8.18,8.16,8.16,26800.0
2019-12-27 14:30:00,8.17,8.19,8.17,8.17,31169.0
2019-12-27 14:45:00,8.1703,8.188,8.1679,8.1803,40820.0
2019-12-27 15:00:00,8.18,8.18,8.16,8.18,37864.0
2019-12-27 15:15:00,8.18,8.18,8.16,8.16,25700.0
2019-12-27 15:30:00,8.1702,8.1779,8.1379,8.1502,65800.0
2019-12-27 15:45:00,8.1503,8.1578,8.1278,8.1303,62934.0
2019-12-27 18:00:00,8.28,8.31,8.1,8.14,1099600.0
2019-12-30 10:00:00,8.15,8.24,8.15,8.17,99360.0
2019-12-30 10:15:00,8.1702,8.1764,8.1264,8.1502,50170.0
2019-12-30 10:30:00,8.1603,8.178,8.138,8.1403,66041.0
2019-12-30 10:45:00,8.1501,8.1671,8.147,8.1501,19840.0
2019-12-30 11:00:00,8.14,8.16,8.09,8.15,82128.0
2019-12-30 11:15:00,8.1503,8.1676,8.1376,8.1403,24180.0
2019-12-30 11:30:00,8.15,8.16,8.12,8.14,47867.0
2019-12-30 11:45:00,8.1403,8.1479,8.1179,8.1303,90416.0
2019-12-30 12:00:00,8.12,8.14,8.11,8.11,29738.0
2019-12-30 12:15:00,8.1101,8.137,8.097,8.1101,106878.0
2019-12-30 12:30:00,8.1202,8.1364,8.1064,8.1302,17370.0
2019-12-30 12:45:00,8.1303,8.1378,8.1078,8.1203,30204.0
2019-12-30 13:00:00,8.12,8.14,8.11,8.14,31137.0
2019-12-30 13:15:00,8.1403,8.1579,8.1379,8.1503,34312.0
2019-12-30 13:30:00,8.1403,8.1576,8.1376,8.1403,22495.0
2019-12-30 13:45:00,8.1303,8.148,8.118,8.1303,54291.0
2019-12-30 14:00:00,8.13,8.14,8.1,8.1,112864.0
2019-12-30 14:15:00,8.1103,8.1278,8.0978,8.1103,69715.0
2019-12-30 14:30:00,8.11,8.11,8.1,8.1,26100.0
2019-12-30 14:45:00,8.1,8.13,8.1,8.11,62744.0
2019-12-30 15:00:00,8.12,8.12,8.09,8.1,75063.0
2019-12-30 15:15:00,8.1103,8.1178,8.1078,8.1103,34069.0
2019-12-30 15:30:00,8.1,8.12,8.1,8.12,50100.0
2019-12-30 15:45:00,8.1202,8.1679,8.1179,8.1502,89809.0
2019-12-30 18:00:00,8.15,8.24,8.09,8.15,1365600.0
2020-01-02 10:00:00,8.19,8.25,8.19,8.21,66080.0
2020-01-02 10:15:00,8.2102,8.218,8.1779,8.1802,53253.0
2020-01-02 10:30:00,8.1803,8.2079,8.1578,8.2003,36408.0
2020-01-02 10:45:00,8.2003,8.2076,8.1676,8.1803,75932.0
2020-01-02 11:00:00,8.18,8.2,8.15,8.19,60015.0
2020-01-02 11:15:00,8.18,8.2,8.18,8.19,43600.0
2020-01-02 11:30:00,8.2003,8.208,8.188,8.2003,65939.0
2020-01-02 11:45:00,8.2,8.2,8.19,8.19,30100.0
2020-01-02 12:00:00,8.2,8.2,8.18,8.18,60502.0
2020-01-02 12:15:00,8.19,8.2,8.18,8.18,24900.0
2020-01-02 12:30:00,8.1902,8.2079,8.1879,8.2002,51277.0
2020-01-02 12:45:00,8.2003,8.2079,8.1879,8.1903,44407.0
2020-01-02 13:00:00,8.2,8.2,8.19,8.19,46559.0
2020-01-02 13:15:00,8.2001,8.2071,8.1871,8.2001,45064.0
2020-01-02 13:30:00,8.2,8.2,8.18,8.18,32300.0
2020-01-02 13:45:00,8.1903,8.2079,8.1878,8.2003,32645.0
2020-01-02 14:00:00,8.2,8.2,8.17,8.17,99118.0
2020-01-02 14:15:00,8.1903,8.198,8.1779,8.1903,21297.0
2020-01-02 14:30:00,8.1903,8.1977,8.1676,8.1703,66694.0
2020-01-02 14:45:00,8.1803,8.198,8.178,8.1903,31703.0
2020-01-02 15:00:00,8.19,8.19,8.17,8.19,40251.0
2020-01-02 15:15:00,8.1903,8.2079,8.1879,8.1903,48609.0
2020-01-02 15:30:00,8.1903,8.1976,8.1476,8.1803,246025.0
2020-01-02 15:45:00,8.18,8.19,8.18,8.18,30866.0
2020-01-02 18:00:00,8.19,8.25,8.14,8.15,1423300.0
2020-01-03 10:00:00,8.25,8.25,8.1,8.15,98262.0
2020-01-03 10:15:00,8.1602,8.2065,8.1564,8.1902,90940.0
2020-01-03 10:30:00,8.2003,8.2581,8.198,8.2003,72523.0
2020-01-03 10:45:00,8.19,8.2,8.19,8.2,42200.0
2020-01-03 11:00:00,8.2,8.24,8.2,8.23,17520.0
2020-01-03 11:15:00,8.2303,8.2477,8.2177,8.2203,33297.0
2020-01-03 11:30:00,8.22,8.23,8.19,8.2,84603.0
2020-01-03 11:45:00,8.2003,8.258,8.198,8.2403,73358.0
2020-01-03 12:00:00,8.23,8.27,8.2,8.27,87212.0
2020-01-03 12:15:00,8.2701,8.2772,8.2571,8.2701,53937.0
2020-01-03 12:30:00,8.2702,8.2765,8.2465,8.2702,112500.0
2020-01-03 12:45:00,8.27,8.27,8.26,8.26,22200.0
2020-01-03 13:00:00,8.27,8.27,8.26,8.27,25530.0
2020-01-03 13:15:00,8.2703,8.278,8.258,8.2703,59948.0
2020-01-03 13:30:00,8.2703,8.2777,8.2677,8.2703,187001.0
2020-01-03 13:45:00,8.2703,8.2781,8.2681,8.2703,42339.0
2020-01-03 14:00:00,8.27,8.27,8.26,8.26,85996.0
2020-01-03 14:15:00,8.27,8.27,8.25,8.25,100300.0
2020-01-03 14:30:00,8.25,8.31,8.25,8.3,110400.0
2020-01-03 14:45:00,8.31,8.36,8.31,8.34,341145.0
2020-01-03 15:00:00,8.35,8.35,8.28,8.28,225590.0
2020-01-03 15:15:00,8.2903,8.2979,8.2579,8.2603,194653.0
2020-01-03 15:30:00,8.2701,8.2972,8.2571,8.2801,172082.0
2020-01-03 15:45:00,8.2702,8.298,8.268,8.2802,110853.0
2020-01-03 18:00:00,8.25,8.44,8.1,8.44,4458700.0
2020-01-06 10:00:00,8.52,8.66,8.47,8.48,262838.0
2020-01-06 10:15:00,8.4701,8.5074,8.3873,8.5001,205182.0
2020-01-06 10:30:00,8.4902,8.5467,8.4667,8.5002,189135.0
2020-01-06 10:45:00,8.5003,8.5081,8.4881,8.5003,72613.0
2020-01-06 11:00:00,8.5,8.51,8.49,8.51,71085.0
2020-01-06 11:15:00,8.5103,8.5183,8.4082,8.4203,160027.0
2020-01-06 11:30:00,8.4103,8.4379,8.3178,8.3603,163614.0
2020-01-06 11:45:00,8.3603,8.3982,8.3582,8.3703,60064.0
2020-01-06 12:00:00,8.37,8.37,8.31,8.37,90396.0
2020-01-06 12:15:00,8.3803,8.4181,8.358,8.3903,69257.0
2020-01-06 12:30:00,8.3901,8.4473,8.3772,8.4001,57427.0
2020-01-06 12:45:00,8.4,8.42,8.4,8.41,42000.0
2020-01-06 13:00:00,8.42,8.42,8.38,8.38,61244.0
2020-01-06 13:15:00,8.38,8.41,8.38,8.41,34700.0
2020-01-06 13:30:00,8.4103,8.4282,8.3882,8.4003,58469.0
2020-01-06 13:45:00,8.4002,8.4066,8.3566,8.3602,109843.0
2020-01-06 14:00:00,8.35,8.39,8.35,8.39,53019.0
2020-01-06 14:15:00,8.38,8.39,8.33,8.34,127006.0
2020-01-06 14:30:00,8.3303,8.358,8.278,8.2903,194629.0
2020-01-06 14:45:00,8.28,8.31,8.28,8.3,67100.0
2020-01-06 15:00:00,8.29,8.31,8.28,8.29,99470.0
2020-01-06 15:15:00,8.28,8.31,8.28,8.3,69700.0
2020-01-06 15:30:00,8.29,8.36,8.29,8.36,188100.0
2020-01-06 15:45:00,8.3503,8.3678,8.3177,8.3303,143844.0
2020-01-06 18:00:00,8.52,8.66,8.27,8.33,4466900.0
2020-01-07 10:00:00,8.38,8.39,8.25,8.29,102823.0
2020-01-07 10:15:00,8.2703,8.2981,8.188,8.2103,137251.0
2020-01-07 10:30:00,8.2203,8.2577,8.1777,8.2203,143298.0
2020-01-07 10:45:00,8.2203,8.2281,8.188,8.2003,56621.0
2020-01-07 11:00:00,8.2,8.24,8.19,8.22,69116.0
2020-01-07 11:15:00,8.2203,8.2479,8.2179,8.2203,52334.0
2020-01-07 11:30:00,8.2303,8.2376,8.1976,8.2003,91348.0
2020-01-07 11:45:00,8.2,8.22,8.2,8.21,51106.0
2020-01-07 12:00:00,8.22,8.22,8.2,8.21,50154.0
2020-01-07 12:15:00,8.2003,8.2181,8.198,8.2103,57937.0
2020-01-07 12:30:00,8.2103,8.228,8.198,8.2003,60836.0
2020-01-07 12:45:00,8.2002,8.2265,8.1964,8.2102,41791.0
2020-01-07 13:00:00,8.22,8.24,8.21,8.21,76516.0
2020-01-07 13:15:00,8.22,8.26,8.22,8.26,63200.0
2020-01-07 13:30:00,8.26,8.26,8.24,8.24,42200.0
2020-01-07 13:45:00,8.2503,8.2677,8.2477,8.2603,45883.0
2020-01-07 14:00:00,8.26,8.27,8.25,8.27,51484.0
2020-01-07 14:15:00,8.2802,8.3281,8.278,8.3202,53450.0
2020-01-07 14:30:00,8.3203,8.328,8.308,8.3203,39357.0
2020-01-07 14:45:00,8.3203,8.3578,8.3177,8.3203,46663.0
2020-01-07 15:00:00,8.33,8.35,8.32,8.33,60714.0
2020-01-07 15:15:00,8.3302,8.3466,8.2665,8.2702,138862.0
2020-01-07 15:30:00,8.2803,8.3782,8.2481,8.3003,578568.0
2020-01-07 15:45:00,8.3001,8.3072,8.2471,8.2601,145861.0
2020-01-07 18:00:00,8.38,8.39,8.17,8.33,3506200.0
2020-01-08 10:00:00,8.33,8.33,8.22,8.23,95784.0
2020-01-08 10:15:00,8.22,8.27,8.22,8.24,65700.0
2020-01-08 10:30:00,8.2403,8.2577,8.2176,8.2203,120513.0
2020-01-08 10:45:00,8.21,8.24,8.19,8.2,103628.0
2020-01-08 11:00:00,8.19,8.21,8.09,8.11,298549.0
2020-01-08 11:15:00,8.1003,8.1578,8.0978,8.1303,118887.0
2020-01-08 11:30:00,8.1101,8.137,8.107,8.1201,101394.0
2020-01-08 11:45:00,8.12,8.13,8.1,8.1,105500.0
2020-01-08 12:00:00,8.1,8.11,8.07,8.08,135159.0
2020-01-08 12:15:00,8.08,8.12,8.08,8.08,152002.0
2020-01-08 12:30:00,8.08,8.09,7.97,7.97,417900.0
2020-01-08 12:45:00,7.97,8.04,7.97,8.02,121400.0
2020-01-08 13:00:00,8.01,8.04,8.01,8.02,86374.0
2020-01-08 13:15:00,8.02,8.04,8.01,8.01,113400.0
2020-01-08 13:30:00,8.0203,8.0877,8.0177,8.0803,175839.0
2020-01-08 13:45:00,8.07,8.09,8.05,8.05,128600.0
2020-01-08 14:00:00,8.07,8.1,8.05,8.09,99460.0
2020-01-08 14:15:00,8.0902,8.1164,8.0864,8.1102,69584.0
2020-01-08 14:30:00,8.1103,8.118,8.0879,8.0903,86602.0
2020-01-08 14:45:00,8.08,8.1,8.08,8.1,73700.0
2020-01-08 15:00:00,8.09,8.1,8.08,8.1,67494.0
2020-01-08 15:15:00,8.09,8.11,8.09,8.1,76500.0
2020-01-08 15:30:00,8.1,8.13,8.1,8.11,74179.0
2020-01-08 15:45:00,8.11,8.11,8.09,8.09,83500.0
2020-01-08 18:00:00,8.33,8.33,7.97,8.19,4158400.0
2020-01-09 10:00:00,8.21,8.22,8.1,8.19,79673.0
2020-01-09 10:15:00,8.2003,8.2579,8.1978,8.2503,75359.0
2020-01-09 10:30:00,8.2501,8.2772,8.1671,8.1701,73977.0
2020-01-09 10:45:00,8.17,8.18,8.12,8.12,59300.0
2020-01-09 11:00:00,8.13,8.14,8.12,8.14,31671.0
2020-01-09 11:15:00,8.1403,8.158,8.128,8.1503,17725.0
2020-01-09 11:30:00,8.1403,8.1579,8.1179,8.1403,58962.0
2020-01-09 11:45:00,8.1302,8.1564,8.1264,8.1302,32288.0
2020-01-09 12:00:00,8.13,8.18,8.13,8.17,36589.0
2020-01-09 12:15:00,8.1802,8.1979,8.1579,8.1802,37346.0
2020-01-09 12:30:00,8.1803,8.1878,8.1478,8.1803,29899.0
2020-01-09 12:45:00,8.1803,8.1976,8.1776,8.1803,17603.0
2020-01-09 13:00:00,8.17,8.18,8.16,8.16,21569.0
2020-01-09 13:15:00,8.1702,8.1764,8.1664,8.1702,14407.0
2020-01-09 13:30:00,8.1703,8.188,8.158,8.1603,30893.0
2020-01-09 13:45:00,8.1701,8.1871,8.1571,8.1701,26619.0
2020-01-09 14:00:00,8.18,8.18,8.12,8.13,47883.0
2020-01-09 14:15:00,8.1403,8.1476,8.0876,8.1103,104253.0
2020-01-09 14:30:00,8.11,8.13,8.1,8.1,67100.0
2020-01-09 14:45:00,8.1103,8.1379,8.1079,8.1303,52553.0
2020-01-09 15:00:00,8.12,8.13,8.1,8.11,58899.0
2020-01-09 15:15:00,8.1103,8.1275,8.1075,8.1103,34060.0
2020-01-09 15:30:00,8.1,8.14,8.1,8.14,57400.0
2020-01-09 15:45:00,8.13,8.17,8.12,8.12,66600.0
2020-01-09 18:00:00,8.21,8.27,8.08,8.2,2141100.0
2020-01-10 10:00:00,8.19,8.19,8.13,8.18,92583.0
2020-01-10 10:15:00,8.18,8.25,8.18,8.19,67804.0
2020-01-10 10:30:00,8.1903,8.2079,8.1779,8.2003,58923.0
2020-01-10 10:45:00,8.19,8.21,8.19,8.19,30200.0
2020-01-10 11:00:00,8.19,8.22,8.19,8.22,21793.0
2020-01-10 11:15:00,8.2202,8.238,8.2079,8.2102,24502.0
2020-01-10 11:30:00,8.2203,8.2779,8.2179,8.2703,99665.0
2020-01-10 11:45:00,8.2703,8.2777,8.2477,8.2603,32706.0
2020-01-10 12:00:00,8.26,8.26,8.25,8.25,32851.0
2020-01-10 12:15:00,8.2603,8.3078,8.2577,8.3003,167082.0
2020-01-10 12:30:00,8.29,8.31,8.29,8.3,33294.0
2020-01-10 12:45:00,8.3003,8.3081,8.2881,8.3003,65766.0
2020-01-10 13:00:00,8.3,8.32,8.29,8.3,86046.0
2020-01-10 13:15:00,8.3003,8.3177,8.2877,8.3003,47496.0
2020-01-10 13:30:00,8.3002,8.3281,8.298,8.3202,32406.0
2020-01-10 13:45:00,8.3203,8.338,8.318,8.3203,42784.0
2020-01-10 14:00:00,8.33,8.33,8.31,8.32,33242.0
2020-01-10 14:15:00,8.3201,8.3272,8.2872,8.2901,44067.0
2020-01-10 14:30:00,8.3002,8.3366,8.2965,8.3202,48637.0
2020-01-10 14:45:00,8.3203,8.328,8.2879,8.2903,40985.0
2020-01-10 15:00:00,8.3,8.31,8.28,8.3,35742.0
2020-01-10 15:15:00,8.3003,8.3281,8.2981,8.3003,39144.0
2020-01-10 15:30:00,8.3103,8.3278,8.2878,8.3003,54802.0
2020-01-10 15:45:00,8.3003,8.3081,8.2581,8.3003,79917.0
2020-01-10 18:00:00,8.19,8.33,8.13,8.26,2332000.0
2020-01-13 10:00:00,8.28,8.37,8.26,8.36,67196.0
2020-01-13 10:15:00,8.3603,8.3979,8.3078,8.3203,166785.0
2020-01-13 10:30:00,8.32,8.38,8.25,8.25,130952.0
2020-01-13 10:45:00,8.2603,8.278,8.218,8.2303,86669.0
2020-01-13 11:00:00,8.21,8.26,8.21,8.26,19633.0
2020-01-13 11:15:00,8.2603,8.2877,8.2477,8.2703,48955.0
2020-01-13 11:30:00,8.2702,8.298,8.268,8.2902,21143.0
2020-01-13 11:45:00,8.3003,8.318,8.288,8.3003,59687.0
2020-01-13 12:00:00,8.3,8.3,8.28,8.3,28734.0
2020-01-13 12:15:00,8.3,8.3,8.29,8.29,41600.0
2020-01-13 12:30:00,8.29,8.3,8.29,8.29,31000.0
2020-01-13 12:45:00,8.3003,8.3081,8.2681,8.2903,63103.0
2020-01-13 13:00:00,8.29,8.3,8.29,8.3,40950.0
2020-01-13 13:15:00,8.3003,8.328,8.298,8.3203,44121.0
2020-01-13 13:30:00,8.32,8.34,8.32,8.33,40400.0
2020-01-13 13:45:00,8.33,8.35,8.33,8.33,30258.0
2020-01-13 14:00:00,8.33,8.34,8.31,8.32,26156.0
2020-01-13 14:15:00,8.3203,8.328,8.318,8.3203,35595.0
2020-01-13 14:30:00,8.32,8.34,8.32,8.34,28000.0
2020-01-13 14:45:00,8.3402,8.3581,8.308,8.3102,69950.0
2020-01-13 15:00:00,8.31,8.32,8.31,8.32,39164.0
2020-01-13 15:15:00,8.3203,8.3482,8.3182,8.3203,46390.0
2020-01-13 15:30:00,8.3203,8.3381,8.2881,8.3003,106783.0
2020-01-13 15:45:00,8.3002,8.3366,8.2965,8.3302,78780.0
2020-01-13 18:00:00,8.28,8.45,8.21,8.45,2491500.0
2020-01-14 10:00:00,8.45,8.45,8.36,8.42,49584.0
2020-01-14 10:15:00,8.4203,8.4378,8.3477,8.3503,52392.0
2020-01-14 10:30:00,8.3502,8.3681,8.308,8.3302,117374.0
2020-01-14 10:45:00,8.3403,8.358,8.318,8.3403,31515.0
2020-01-14 11:00:00,8.35,8.38,8.34,8.35,30739.0
2020-01-14 11:15:00,8.35,8.39,8.35,8.36,43500.0
2020-01-14 11:30:00,8.36,8.36,8.3,8.3,96000.0
2020-01-14 11:45:00,8.3003,8.328,8.2979,8.3003,58579.0
2020-01-14 12:00:00,8.29,8.33,8.29,8.33,44546.0
2020-01-14 12:15:00,8.3303,8.348,8.318,8.3403,24830.0
2020-01-14 12:30:00,8.3403,8.3878,8.3377,8.3803,57600.0
2020-01-14 12:45:00,8.38,8.4,8.38,8.38,38962.0
2020-01-14 13:00:00,8.38,8.42,8.38,8.39,728985.0
2020-01-14 13:15:00,8.4003,8.408,8.378,8.3803,27560.0
2020-01-14 13:30:00,8.3801,8.3873,8.3772,8.3801,19042.0
2020-01-14 13:45:00,8.3802,8.3881,8.3681,8.3702,20254.0
2020-01-14 14:00:00,8.37,8.38,8.37,8.38,33669.0
2020-01-14 14:15:00,8.3803,8.3982,8.3782,8.3903,31298.0
2020-01-14 14:30:00,8.39,8.4,8.39,8.4,16300.0
2020-01-14 14:45:00,8.4002,8.4066,8.3866,8.3902,27384.0
2020-01-14 15:00:00,8.39,8.4,8.37,8.4,33438.0
2020-01-14 15:15:00,8.4,8.43,8.4,8.42,91586.0
2020-01-14 15:30:00,8.4204,8.4281,8.3881,8.3904,60451.0
2020-01-14 15:45:00,8.3903,8.4279,8.3879,8.4103,36171.0
2020-01-14 18:00:00,8.45,8.45,8.29,8.37,2230600.0
2020-01-15 10:00:00,8.4,8.44,8.35,8.4,91117.0
2020-01-15 10:15:00,8.3901,8.4073,8.3873,8.4001,28115.0
2020-01-15 10:30:00,8.4,8.44,8.39,8.39,124700.0
2020-01-15 10:45:00,8.3903,8.4481,8.388,8.4203,95089.0
2020-01-15 11:00:00,8.44,8.45,8.42,8.43,130556.0
2020-01-15 11:15:00,8.43,8.49,8.43,8.46,103400.0
2020-01-15 11:30:00,8.4503,8.4679,8.4279,8.4303,29928.0
2020-01-15 11:45:00,8.42,8.44,8.37,8.37,694300.0
2020-01-15 12:00:00,8.36,8.37,8.32,8.36,94405.0
2020-01-15 12:15:00,8.35,8.36,8.35,8.36,42900.0
2020-01-15 12:30:00,8.3501,8.3672,8.3472,8.3501,29311.0
2020-01-15 12:45:00,8.3602,8.3681,8.3481,8.3502,16499.0
2020-01-15 13:00:00,8.35,8.36,8.34,8.36,24378.0
2020-01-15 13:15:00,8.3603,8.3682,8.3482,8.3603,36565.0
2020-01-15 13:30:00,8.3603,8.3681,8.3481,8.3503,30960.0
2020-01-15 13:45:00,8.34,8.36,8.34,8.35,28700.0
2020-01-15 14:00:00,8.35,8.38,8.34,8.36,366618.0
2020-01-15 14:15:00,8.36,8.37,8.35,8.36,41390.0
2020-01-15 14:30:00,8.3603,8.368,8.348,8.3603,52907.0
2020-01-15 14:45:00,8.3603,8.3678,8.3378,8.3503,51333.0
2020-01-15 15:00:00,8.35,8.36,8.33,8.34,37288.0
2020-01-15 15:15:00,8.3402,8.3481,8.3281,8.3302,39816.0
2020-01-15 15:30:00,8.3303,8.338,8.308,8.3103,207061.0
2020-01-15 15:45:00,8.3,8.31,8.3,8.31,50400.0
2020-01-15 18:00:00,8.4,8.49,8.27,8.29,3968000.0
2020-01-16 10:00:00,8.2,8.21,8.09,8.19,154685.0
2020-01-16 10:15:00,8.1903,8.218,8.1679,8.1803,103628.0
2020-01-16 10:30:00,8.1803,8.2077,8.1676,8.1703,58667.0
2020-01-16 10:45:00,8.1703,8.178,8.158,8.1603,56519.0
2020-01-16 11:00:00,8.17,8.24,8.17,8.21,72612.0
2020-01-16 11:15:00,8.2103,8.2379,8.1979,8.2003,369871.0
2020-01-16 11:30:00,8.1903,8.2176,8.1676,8.1703,50205.0
2020-01-16 11:45:00,8.17,8.18,8.16,8.16,35900.0
2020-01-16 12:00:00,8.17,8.21,8.17,8.2,54251.0
2020-01-16 12:15:00,8.2003,8.2181,8.188,8.1903,30589.0
2020-01-16 12:30:00,8.1903,8.208,8.1779,8.1903,27805.0
2020-01-16 12:45:00,8.1902,8.2165,8.1764,8.1902,70402.0
2020-01-16 13:00:00,8.19,8.22,8.18,8.19,43680.0
2020-01-16 13:15:00,8.2,8.2,8.19,8.19,34300.0
2020-01-16 13:30:00,8.2003,8.2179,8.1879,8.2003,32374.0
2020-01-16 13:45:00,8.19,8.21,8.19,8.2,32600.0
2020-01-16 14:00:00,8.19,8.2,8.19,8.19,35989.0
2020-01-16 14:15:00,8.2002,8.218,8.1679,8.1802,129428.0
2020-01-16 14:30:00,8.1803,8.1978,8.1778,8.1803,10983.0
2020-01-16 14:45:00,8.1903,8.1976,8.1676,8.1703,24373.0
2020-01-16 15:00:00,8.17,8.18,8.16,8.17,19073.0
2020-01-16 15:15:00,8.1602,8.1664,8.0663,8.0902,344142.0
2020-01-16 15:30:00,8.0803,8.128,8.0779,8.1003,66750.0
2020-01-16 15:45:00,8.1101,8.137,8.107,8.1101,37786.0
2020-01-16 18:00:00,8.2,8.24,8.06,8.12,3112000.0
2020-01-17 10:00:00,8.12,8.17,8.06,8.17,121154.0
2020-01-17 10:15:00,8.17,8.17,8.08,8.08,90200.0
2020-01-17 10:30:00,8.0903,8.1075,7.9774,8.0003,277898.0
2020-01-17 10:45:00,8.0,8.01,7.92,7.99,260994.0
2020-01-17 11:00:00,7.99,8.03,7.98,8.0,62836.0
2020-01-17 11:15:00,8.0003,8.0077,7.9776,7.9903,34578.0
2020-01-17 11:30:00,8.0001,8.0269,7.9769,8.0101,52043.0
2020-01-17 11:45:00,8.02,8.03,8.01,8.01,26100.0
2020-01-17 12:00:00,8.02,8.05,7.97,7.99,397948.0
2020-01-17 12:15:00,8.0,8.04,8.0,8.0,67601.0
2020-01-17 12:30:00,8.0103,8.0177,7.9877,8.0003,74490.0
2020-01-17 12:45:00,8.0,8.0,7.99,7.99,1488200.0
2020-01-17 13:00:00,8.0,8.0,7.98,8.0,32790.0
2020-01-17 13:15:00,8.0002,8.0078,7.9877,8.0002,57106.0
2020-01-17 13:30:00,8.0003,8.0077,7.9876,7.9903,34476.0
2020-01-17 13:45:00,8.0003,8.0074,7.9974,8.0003,20415.0
2020-01-17 14:00:00,7.99,8.0,7.99,8.0,18573.0
2020-01-17 14:15:00,8.0002,8.0163,7.9362,7.9502,198740.0
2020-01-17 14:30:00,7.9603,8.0078,7.9578,7.9903,40819.0
2020-01-17 14:45:00,7.9901,7.9969,7.9569,7.9701,164505.0
2020-01-17 15:00:00,7.98,7.98,7.97,7.98,16724.0
2020-01-17 15:15:00,7.98,7.99,7.95,7.95,53300.0
2020-01-17 15:30:00,7.97,7.98,7.96,7.97,51510.0
2020-01-17 15:45:00,7.9703,8.0078,7.9677,7.9903,107178.0
2020-01-17 18:00:00,8.12,8.17,7.91,8.03,3646000.0
2020-01-20 10:00:00,7.96,8.05,7.94,7.98,54583.0
2020-01-20 10:15:00,7.9802,8.0378,7.9777,8.0102,61157.0
2020-01-20 10:30:00,8.0203,8.0377,7.9876,8.0203,69359.0
2020-01-20 10:45:00,8.02,8.03,7.98,7.98,35700.0
2020-01-20 11:00:00,7.99,8.02,7.99,8.01,45835.0
2020-01-20 11:15:00,8.02,8.1,8.02,8.1,71000.0
2020-01-20 11:30:00,8.1003,8.118,8.0879,8.1103,60064.0
2020-01-20 11:45:00,8.1101,8.147,8.107,8.1201,85044.0
2020-01-20 12:00:00,8.12,8.15,8.11,8.12,60703.0
2020-01-20 12:15:00,8.13,8.14,8.04,8.04,91900.0
2020-01-20 12:30:00,8.0502,8.0978,8.0478,8.0802,38235.0
2020-01-20 12:45:00,8.0803,8.1078,8.0778,8.0903,21487.0
2020-01-20 13:00:00,8.1,8.1,8.07,8.08,34744.0
2020-01-20 13:15:00,8.07,8.1,8.07,8.09,9400.0
2020-01-20 13:30:00,8.09,8.09,8.08,8.08,10500.0
2020-01-20 13:45:00,8.0903,8.0978,8.0777,8.0803,37629.0
2020-01-20 14:00:00,8.08,8.09,8.07,8.08,22627.0
2020-01-20 14:15:00,8.0903,8.1279,8.0779,8.1003,127982.0
2020-01-20 14:30:00,8.11,8.13,8.1,8.1,39200.0
2020-01-20 14:45:00,8.1,8.12,8.1,8.11,32300.0
2020-01-20 15:00:00,8.12,8.13,8.1,8.12,45145.0
2020-01-20 15:15:00,8.12,8.15,8.12,8.14,48400.0
2020-01-20 15:30:00,8.1403,8.1776,8.1275,8.1303,142386.0
2020-01-20 15:45:00,8.13,8.16,8.13,8.14,34205.0
2020-01-20 18:00:00,7.96,8.23,7.94,8.23,2440600.0
2020-01-21 10:00:00,8.24,8.29,8.21,8.23,43239.0
2020-01-21 10:15:00,8.2302,8.2365,8.1564,8.1702,71117.0
2020-01-21 10:30:00,8.1803,8.2181,8.148,8.1903,55000.0
2020-01-21 10:45:00,8.18,8.24,8.18,8.24,49400.0
2020-01-21 11:00:00,8.23,8.27,8.22,8.26,80336.0
2020-01-21 11:15:00,8.2703,8.3078,8.2577,8.2703,224659.0
2020-01-21 11:30:00,8.27,8.31,8.26,8.27,78936.0
2020-01-21 11:45:00,8.2603,8.278,8.258,8.2603,56892.0
2020-01-21 12:00:00,8.27,8.28,8.22,8.24,113746.0
2020-01-21 12:15:00,8.2501,8.2872,8.2371,8.2701,324822.0
2020-01-21 12:30:00,8.2702,8.3065,8.2565,8.3002,152248.0
2020-01-21 12:45:00,8.2803,8.328,8.2479,8.2803,1265351.0
2020-01-21 13:00:00,8.29,8.31,8.28,8.3,73988.0
2020-01-21 13:15:00,8.3103,8.3381,8.3081,8.3103,114671.0
2020-01-21 13:30:00,8.31,8.32,8.29,8.29,137100.0
2020-01-21 13:45:00,8.3,8.3,8.28,8.28,67100.0
2020-01-21 14:00:00,8.29,8.3,8.28,8.29,2999995.0
2020-01-21 14:15:00,8.2903,8.308,8.288,8.2903,55199.0
2020-01-21 14:30:00,8.3003,8.3077,8.2777,8.2903,170405.0
2020-01-21 14:45:00,8.28,8.3,8.28,8.28,89663.0
2020-01-21 15:00:00,8.27,8.29,8.27,8.27,85886.0
2020-01-21 15:15:00,8.2803,8.2879,8.2579,8.2703,102818.0
2020-01-21 15:30:00,8.2701,8.2872,8.2672,8.2801,90328.0
2020-01-21 15:45:00,8.2802,8.288,8.268,8.2702,85560.0
2020-01-21 18:00:00,8.24,8.33,8.14,8.18,5446200.0
2020-01-22 10:00:00,8.2,8.28,8.2,8.23,109106.0
2020-01-22 10:15:00,8.24,8.25,8.1,8.1,102500.0
2020-01-22 10:30:00,8.11,8.18,8.11,8.15,89157.0
2020-01-22 10:45:00,8.1603,8.1779,8.1079,8.1303,71189.0
2020-01-22 11:00:00,8.12,8.14,8.1,8.12,77030.0
2020-01-22 11:15:00,8.1,8.14,8.08,8.08,90200.0
2020-01-22 11:30:00,8.09,8.1,8.08,8.08,84400.0
2020-01-22 11:45:00,8.0903,8.0978,8.0477,8.0703,106387.0
2020-01-22 12:00:00,8.06,8.07,8.03,8.03,51762.0
2020-01-22 12:15:00,8.0403,8.0678,8.0278,8.0403,47426.0
2020-01-22 12:30:00,8.04,8.07,8.04,8.06,18100.0
2020-01-22 12:45:00,8.0703,8.0879,8.0579,8.0703,37578.0
2020-01-22 13:00:00,8.07,8.09,8.06,8.07,39652.0
2020-01-22 13:15:00,8.0703,8.0878,8.0577,8.0603,52907.0
2020-01-22 13:30:00,8.07,8.08,8.06,8.06,28500.0
2020-01-22 13:45:00,8.07,8.1,8.07,8.08,44022.0
2020-01-22 14:00:00,8.08,8.1,8.07,8.1,48605.0
2020-01-22 14:15:00,8.1003,8.1078,8.0777,8.0903,105361.0
2020-01-22 14:30:00,8.1,8.1,8.07,8.07,60500.0
2020-01-22 14:45:00,8.0802,8.1078,8.0778,8.0902,80126.0
2020-01-22 15:00:00,8.1,8.1,8.05,8.09,82126.0
2020-01-22 15:15:00,8.0903,8.0979,8.0579,8.0603,102708.0
2020-01-22 15:30:00,8.07,8.08,8.04,8.04,74300.0
2020-01-22 15:45:00,8.0502,8.0663,8.0263,8.0502,166553.0
2020-01-22 18:00:00,8.2,8.28,8.02,8.12,3833700.0
2020-01-23 10:00:00,8.12,8.12,7.97,8.01,121205.0
2020-01-23 10:15:00,8.0,8.03,8.0,8.01,27600.0
2020-01-23 10:30:00,8.0002,8.0378,7.9877,8.0202,61848.0
2020-01-23 10:45:00,8.0303,8.0678,8.0277,8.0303,42211.0
2020-01-23 11:00:00,8.04,8.05,8.03,8.04,19925.0
2020-01-23 11:15:00,8.0401,8.057,8.037,8.0501,21136.0
2020-01-23 11:30:00,8.0402,8.0463,8.0063,8.0102,75204.0
2020-01-23 11:45:00,8.0203,8.0377,8.0077,8.0303,31628.0
2020-01-23 12:00:00,8.03,8.06,8.02,8.06,30363.0
2020-01-23 12:15:00,8.0603,8.0778,8.0477,8.0703,34093.0
2020-01-23 12:30:00,8.07,8.09,8.07,8.08,19300.0
2020-01-23 12:45:00,8.08,8.09,8.07,8.07,15800.0
2020-01-23 13:00:00,8.07,8.08,8.06,8.07,20544.0
2020-01-23 13:15:00,8.0703,8.0978,8.0477,8.0503,57257.0
2020-01-23 13:30:00,8.05,8.1,8.05,8.1,16000.0
2020-01-23 13:45:00,8.1002,8.1279,8.0978,8.1202,41792.0
2020-01-23 14:00:00,8.12,8.13,8.1,8.12,23378.0
2020-01-23 14:15:00,8.1203,8.158,8.118,8.1503,88831.0
2020-01-23 14:30:00,8.1503,8.1579,8.1279,8.1403,47328.0
2020-01-23 14:45:00,8.14,8.15,8.13,8.13,30400.0
2020-01-23 15:00:00,8.14,8.14,8.11,8.13,31631.0
2020-01-23 15:15:00,8.12,8.15,8.12,8.13,35200.0
2020-01-23 15:30:00,8.1403,8.1578,8.1178,8.1503,27408.0
2020-01-23 15:45:00,8.15,8.15,8.14,8.14,25700.0
2020-01-23 18:00:00,8.12,8.31,7.97,8.31,2058400.0
2020-01-24 10:00:00,8.32,8.34,8.21,8.23,59676.0
2020-01-24 10:15:00,8.23,8.27,8.23,8.25,28600.0
2020-01-24 10:30:00,8.2502,8.2865,8.2365,8.2602,44448.0
2020-01-24 10:45:00,8.2503,8.2679,8.2079,8.2103,27560.0
2020-01-24 11:00:00,8.2,8.24,8.18,8.23,40748.0
2020-01-24 11:15:00,8.23,8.28,8.23,8.28,47400.0
2020-01-24 11:30:00,8.2703,8.3078,8.2677,8.2903,46279.0
2020-01-24 11:45:00,8.28,8.29,8.25,8.25,39000.0
2020-01-24 12:00:00,8.26,8.28,8.25,8.27,22749.0
2020-01-24 12:15:00,8.2703,8.2879,8.2579,8.2703,16373.0
2020-01-24 12:30:00,8.2701,8.2772,8.2271,8.2501,45463.0
2020-01-24 12:45:00,8.2602,8.268,8.218,8.2202,30529.0
2020-01-24 13:00:00,8.22,8.24,8.2,8.21,51753.0
2020-01-24 13:15:00,8.2103,8.2381,8.198,8.2203,27956.0
2020-01-24 13:30:00,8.2303,8.238,8.218,8.2203,21987.0
2020-01-24 13:45:00,8.2302,8.2365,8.1864,8.2102,65599.0
2020-01-24 14:00:00,8.21,8.22,8.17,8.18,707129.0
2020-01-24 14:15:00,8.18,8.19,8.15,8.16,47867.0
2020-01-24 14:30:00,8.16,8.18,8.16,8.17,27900.0
2020-01-24 14:45:00,8.17,8.18,8.16,8.16,31500.0
2020-01-24 15:00:00,8.17,8.19,8.15,8.17,48485.0
2020-01-24 15:15:00,8.17,8.19,8.17,8.17,27300.0
2020-01-24 15:30:00,8.1803,8.1878,8.1478,8.1503,87767.0
2020-01-24 15:45:00,8.1503,8.1776,8.1476,8.1703,38643.0
2020-01-27 10:00:00,8.01,8.01,7.72,7.72,176283.0
2020-01-27 10:15:00,7.7503,7.8575,7.7474,7.8203,345373.0
2020-01-27 10:30:00,7.8401,7.8968,7.8068,7.8801,177067.0
2020-01-27 10:45:00,7.89,7.99,7.89,7.98,142400.0
2020-01-27 11:00:00,7.99,8.01,7.87,7.88,132580.0
2020-01-27 11:15:00,7.89,7.96,7.89,7.95,1067700.0
2020-01-27 18:00:00,8.01,8.01,7.72,7.96,1068000.0
